surgery::n	for	toenail::n	nmod
bill::n	for	$::	nmod
record::n	of	reversal::n	nmod
get::v	from	bc::n	obl
turn::v	to	agency::n	obl
reversal::n	of	$::	nmod
bilk::v	for	money::n	obl
forget::v	for	example::n	obl
go::v	out	way::n	obl
go::v	of	way::n	obl
take::v	of	he::p	obl
leave::v	along	gift::n	obl
leave::v	with	gift::n	obl
eat::v	out	can::n	obl
eat::v	of	can::n	obl
ask::v	for	egg::n	obl
egg::n	on	enchilada::n	nmod
come::v	with	sauce::n	obl
chili::n	like	chili::n	nmod
have::v	on	it::p	obl
look::v	for	company::n	obl
company::n	with	rate::n	nmod
need::v	on	order::n	obl
ship::v	to	state::n	obl
do::v	with	problem::n	obl
work::v	with	i::p	obl
recommend::v	to	anyone::p	obl
do::v	at	rate::n	obl
customer::n	for	life::n	nmod
have::v	in	we::p	obl
home::n	to	lot::n	nmod
lot::n	of	we::p	nmod
we::p	out	work::v	acl:relcl
serious::a	out	work::v	advcl
work::v	in	atmosphere::n	obl
gym::n	into	step::v	acl:relcl
work::v	on	body::n	obl
go::v	to	unlimited::n	obl
arrive::v	at	230::c	obl
give::v	back	call::v	advcl
come::v	down	put::v	conj
offer::v	over	phone::n	obl
tell::v	at	point::n	obl
ammount::n	of	time::n	nmod
review::n	about	practice::n	nmod
practice::n	in	bellevue::n	nmod
bellevue::n	in	renton::n	conj
work::v	with	variety::n	obl
variety::n	of	problem::n	nmod
more::a	about	practice::n	obl
visit::v	at	www.veraakulov.com::	obl
provider::n	with	company::n	nmod
review::n	from	anyone::p	nmod
work::v	with	i::p	obl
work::v	in	setting::n	obl
be::v	in	service::n	obl
travel::v	down	24::n	obl
travel::v	from	nashville::n	obl
travel::v	with	child::n	obl
have::v	on	side::n	obl
side::n	of	murfreesboro::n	nmod
take::v	of	i::p	obl
answer::v	at	4:50::c	obl
answer::v	on	thursday::n	obl
tire::n	in	murfreesboro::n	nmod
track::v	within	minute::n	obl
come::v	off	take::v	conj
do::v	out	blow::v	advcl
bring::v	to	shop::n	obl
far::r	outside	murfreesboro::n	obl
far::r	of	murfreesboro::n	obl
have::v	on	way::n	xcomp
have::v	by	6:30::c	obl
thanks::n	for	all::d	nmod
all::d	of	help::n	nmod
away::r	from	family::n	obl
experience::n	without	doubt::n	nmod
same::a	as	price::n	obl
guy::n	in	nashville::n	nmod
price::n	on	put::v	acl
return::v	in	future::n	obl
store::n	by	far::r	obl
return::v	to	it::p	obl
verizon::n	to	go::v	acl
be::v	around	downtown::n	obl
awesome::a	with	renovation::n	obl
renovation::n	of	chair::n	nmod
recommend::v	to	everyone::p	obl
experience::n	with	dr.::n	nmod
demand::v	during	session::n	obl
enrol::v	in	program::n	obl
need::v	for	reason::n	obl
explain::v	during	session::n	obl
more::a	about	this::p	obl
one::c	of	service::n	nmod
arrive::v	on	time::n	obl
tow::v	for	i::p	obl
tow::v	to	destination::n	obl
work::v	for	towing::n	obl
tow::v	for	i::p	obl
satisfied::a	with	service::n	obl
look::v	for	service::n	obl
company::n	for	you::p	nmod
ask::v	for	spoon::n	obl
spoon::n	for	mac::n	nmod
ask::v	up	end::v	parataxis
ask::v	for	sauce::n	obl
check::v	with	we::p	obl
talk::v	with	other::n	obl
mean::v	to	i::p	obl
tell::v	as	californian::n	obl
base::v	in	brooklyn::n	obl
advertise::v	over	ny::n	obl
come::v	from	brooklyn::n	obl
back::r	from	destination::n	obl
total::v	for	start::n	obl
guess::v	in	agreement::n	parataxis
move::v	from	apartment::n	obl
take::v	for	guy::n	obl
take::v	from	pm::n	obl
1::c	of	instead::r	case
unload::v	on	destination::n	obl
repair::n	in	woodinville::n	nmod
appologize::v	off	take::v	advcl
do::v	on	sunday::n	obl
arrive::v	on	time::n	obl
arrive::v	at	am::n	obl
speak::v	with	dan::n	obl
size::v	for	door::n	obl
spread::v	to	neighbor::n	obl
thanks::n	for	responsiveness::n	nmod
sort::n	of	clothing::n	nmod
find::v	in	lot::n	obl
lot::n	of	store::n	nmod
baby::n	for	long::r	obl
place::n	for	lighting::n	nmod
lot::n	of	collection::n	nmod
have::v	for	chandelier::n	obl
recommend::v	for	lighting::n	obl
favorite::n	of	mine::p	nmod
riddled::a	with	mold::n	obl
difficulty::n	down	take::v	acl
experience::n	from	hell::n	nmod
call::v	out	college::n	obl
call::v	of	college::n	obl
get::v	over	phone::n	obl
charge::v	up	show::v	advcl
stylist::n	from	la::n	nmod
put::v	on	hair::n	obl
walk::v	with	crap::n	obl
crap::n	over	hair::n	nmod
pull::v	throughout	hair::n	obl
stylist::n	around	i::p	nmod
warning::n	as	price::n	nmod
price::n	to	as::i	case
fix::v	for	free::a	obl
look::v	like	crap::n	obl
experience::n	from	hell::n	nmod
work::v	on	cast::n	obl
cast::n	of	will::n	nmod
show::n	of	time::n	nmod
around::r	for	cast::n	obl
better::a	than	roll::n	obl
ahead::r	of	time::n	obl
go::v	up	pick::v	advcl
cut::v	on	time::n	obl
take::v	for	luna::n	obl
add::v	to	mix::n	obl
salty::a	for	i::p	obl
sandwich::v	between	layer::n	obl
layer::n	of	cheese::n	nmod
sandwich::v	for	32::c	obl
deal::v	to	hunger::n	obl
live::v	on	campus::n	obl
live::v	at	university::n	obl
deliciousness::n	of	luna::n	nmod
do::v	for	family::n	obl
do::v	in	time::n	obl
time::n	of	need::n	nmod
time::n	for	family::n	nmod
each::d	of	we::p	nmod
professional::a	in	position::n	obl
position::n	as	director::n	nmod
what::p	through	go::v	acl:relcl
see::v	in	time::n	obl
pass::v	in	sleep::n	obl
pass::v	after	struggle::n	obl
struggle::n	with	cancer::n	nmod
thank::v	for	help::n	obl
deal::n	in	town::n	nmod
buy::v	in	ny::n	obl
stop::v	by	jack::n	obl
have::v	on	week::n	obl
available::a	at	store::n	obl
love::v	for	item::n	obl
book::v	for	night::n	obl
night::n	at	hotel::n	nmod
book::v	in	oct::n	obl
activate::v	at	am::n	obl
activate::v	on	#::n	obl
activate::v	in	room::n	obl
experience::n	off	sound::v	csubj
check::v	for	sign::n	obl
sign::n	of	fire::n	nmod
decide::v	up	pack::v	xcomp
argue::v	with	i::p	obl
claim::v	off	go::v	ccomp
claim::v	up	make::v	advcl
deal::n	to	he::p	nmod
name::n	of	manager::n	nmod
press::v	for	it::p	obl
problem::n	with	staff::n	nmod
sleep::v	through	night::n	obl
best::a	in	area::n	obl
shop::n	around	area::n	nmod
best::a	by	far::r	obl
pleased::a	with	tattoo::n	obl
revive::v	from	they::p	obl
recommend::v	to	anyone::p	obl
agree::v	with	reviewer::n	obl
ask::v	about	price::n	obl
price::n	for	updo::n	nmod
stop::v	by	salon::n	obl
kind::n	of	service::n	nmod
waste::v	with	they::p	obl
one::c	of	place::n	nmod
go::v	to	mulberry::n	obl
get::v	out	hole::n	obl
get::v	of	hole::n	obl
start::v	from	desk::n	obl
short::r	of	that::p	obl
disgrace::n	as	member::n	obl
mark::n	at	ltd::n	nmod
deliverd::v	to	i::p	obl
owner::n	with	tint::n	nmod
assume::v	out	business::n	ccomp
assume::v	of	business::n	ccomp
do::v	out	place::n	obl
do::v	of	place::n	obl
maintain::v	for	hour::n	obl
satisfactory::a	for	sure::a	obl
satisfactory::a	with	sercvice::n	obl
experience::n	with	service::n	nmod
one::c	of	disappointment::n	nmod
rating::n	than	poor::n	nmod
order::v	on	august::n	obl
order::v	from	mart::n	obl
show::v	after	day::n	obl
show::v	at	home::n	obl
show::v	minus	piece::n	obl
leave::v	at	warehouse::n	obl
spend::v	on	suite::n	obl
complete::a	on	floor::n	obl
clear::a	upon	delivery::n	obl
piece::n	of	wood::n	nmod
broke::a	on	headboard::n	obl
chest::n	of	drawer::n	nmod
broke::a	in	push::v	conj
lean::v	into	wall::n	obl
complain::v	on	september::n	obl
complain::v	to	furnishings::n	obl
chest::n	of	drawer::n	nmod
pick::v	at	point::n	obl
repair::v	at	point::n	obl
return::v	at	point::n	obl
service::n	at	service::n	nmod
promise::n	up	set::v	acl
owner::n	of	store::n	nmod
suite::n	in	home::n	nmod
sit::v	in	warehouse::n	obl
service::n	up	sit::v	amod
have::v	on	11/7/08::c	obl
easy::a	with	work::v	ccomp
store::n	in	harbor::n	nmod
have::v	like	junk::n	obl
get::v	at	store::n	obl
have::v	up	stock::v	ccomp
closed::a	in	winter::n	obl
tours::n	in	chennai::n	nmod
offer::v	for	price::n	obl
look::v	for	tour::n	obl
tour::n	for	valuable::a	nmod
thanks::n	for	tours::n	nmod
one::c	to	be::v	acl:relcl
attend::v	for	year::n	obl
hole::n	in	ceiling::n	nmod
leak::v	through	ceiling::n	obl
condition::n	of	school::n	nmod
listen::v	to	input::n	obl
rediculous::a	up	make::v	conj
trip::v	over	student::n	obl
have::v	at	adorn::n	obl
pizza::n	at	price::n	nmod
several::a	of	place::n	obl
stick::v	with	it::p	obl
good::a	on	night::n	parataxis
one::c	of	one::n	nmod
store::n	in	bethesda::n	nmod
hustle::n	of	ave::n	nmod
nestle::v	in	sandwiches::n	obl
sandwiches::n	between	in::i	case
pop::v	after	break::n	obl
break::n	at	starbucks::n	nmod
fill::v	with	lot::n	obl
lot::n	of	goodness::n	nmod
talk::v	with	someone::p	obl
woman::n	with	speak::v	acl:relcl
word::n	about	papeluna::n	nmod
come::v	for	more::a	obl
baffle::v	by	review::n	obl
awesome::a	with	ambiance::n	obl
be::v	in	seattle::n	obl
advocate::n	in	health::n	nmod
health::n	of	daughter::n	nmod
kind::a	with	child::n	obl
positive::a	to	point::n	conj
positive::a	with	parent::n	obl
have::v	on	team::n	obl
far::r	from	office::n	obl
pick::v	at	minute::n	obl
minute::n	to	closing::n	nmod
hear::v	from	kid::n	obl
more::a	than	adequate::a	obl
sense::n	of	humour::n	nmod
deal::v	with	one::n	obl
further::r	from	centre::n	obl
worth::a	after	experience::n	obl
half::n	of	furniture::n	nmod
buy::v	from	place::n	obl
pay::v	in	cash::n	obl
all::d	of	item::n	nmod
deliver::v	within	day::n	obl
nice::a	except	semi-sketchiness::n	obl
return::v	for	month::n	obl
work::v	at	store::n	obl
tell::v	about	table::n	obl
work::v	at	store::n	obl
pay::v	in	cash::n	obl
record::n	of	purchase::n	nmod
come::v	with	receipt::n	obl
provide::v	upon	purchase::n	obl
take::v	of	situation::n	obl
deal::n	on	furniture::n	nmod
buy::v	from	thief::n	obl
pay::v	for	truck::n	obl
truck::n	with	motor::n	nmod
wrong::a	with	truck::n	obl
fall::v	under	category::n	obl
category::n	of	mechanics::n	nmod
take::v	to	shop::n	obl
runaround::n	on	hold::n	nmod
go::v	from	standpoint::n	obl
take::v	from	someone::p	obl
piece::n	of	metal::n	nmod
buy::v	with	buck::n	obl
come::v	at	730::c	obl
close::v	at	8::c	obl
out::r	for	day::n	obl
tofu::n	with	cabbage::n	nmod
live::v	through	night::n	obl
live::v	without	heat::n	obl
money::n	for	repair::n	nmod
repair::n	round	house::n	nmod
do::v	on	cheap::a	obl
care::v	about	feedback::n	obl
some::d	of	side::n	nmod
portion::n	on	catfish::n	nmod
take::v	from	ordering::n	obl
ordering::n	to	eating::n	nmod
empty::a	by	point::n	obl
service::n	from	department::n	nmod
rude::a	over	phone::n	obl
phone::n	in	person::n	conj
talk::v	to	you::p	obl
rude::a	with	people::n	obl
do::v	with	toyota::n	obl
plenty::n	of	dealership::n	nmod
dealership::n	from	choose::v	acl
be::v	in	city::n	obl
help::v	out	rent::v	xcomp
decide::v	since	then::r	obl
when::r	in	scordia::n	obl
take::v	in	sicily::n	advcl
people::n	in	sicily::n	nmod
fall::v	in	luv::n	obl
fall::v	with	luv::n	obl
grateful::a	for	hospitality::n	obl
there::r	for	year::n	obl
b&b::n	by	far::r	obl
stay::v	at	that::p	obl
fe::n	for	event::n	obl
fe::n	out	rent::v	conj
paradero::n	at	stay::v	acl
perfect::a	in	way::n	obl
sue::n	in	part::n	nmod
perfect::a	to	sue::n	obl
go::v	out	way::n	obl
go::v	of	way::n	obl
go::v	to	fe::n	obl
back::r	to	b&b::n	conj
make::v	with	ms.::n	obl
talk::v	about	they::p	obl
recommend::v	on	trip::n	obl
trip::n	to	fe::n	nmod
come::v	in	june::n	obl
return::v	from	vacation::n	obl
install::v	in	august::n	obl
guarantee::v	for	year::n	obl
notice::v	within	week::n	obl
one::c	of	board::n	nmod
board::n	on	gate::n	nmod
have::v	of	take::v	xcomp
man::n	to	speak::v	acl:relcl
look::v	at	it::p	obl
guarantee::v	for	year::n	obl
split::v	in	opinion::n	obl
split::v	due	nail::n	obl
nail::n	to	due::i	case
part::n	of	workmanship::n	nmod
call::v	about	board::n	obl
pay::v	over	$::	obl
pay::v	for	something::p	obl
want::v	up	hold::v	xcomp
call::v	about	board::n	obl
frustrated::a	at	point::n	obl
min::n	of	all::d	advmod
stick::v	in	it::p	obl
what::p	for	pay::v	acl:relcl
come::v	under	lot::n	obl
lot::n	of	quote::n	nmod
drop::v	for	up::n	obl
drop::v	to	star::n	obl
drop::v	in	opinion::n	obl
take::v	of	ant::n	obl
problem::n	with	staff::n	nmod
drop::v	because	ant::n	obl
ant::n	of	because::i	case
drop::v	to	star::n	obl
move::v	from	site::n	obl
move::v	to	complex::n	obl
complex::n	on	road::n	nmod
area::n	in	kingston::n	nmod
kingston::n	upon	hull::n	nmod
cover::v	with	ballroom::n	obl
attend::v	for	year::n	obl
attend::v	over	year::n	obl
evening::n	as	as::r	cc
12::c	out	10::c	nmod
12::c	of	10::c	nmod
star::n	across	board::n	nmod
place::n	at	wildwood::n	nmod
go::v	to	wildwood::n	obl
go::v	for	year::n	obl
go::v	over	year::n	obl
go::v	for	vacation::n	obl
hotel::n	in	wildwood::n	nmod
look::v	for	that::p	obl
hospitality::n	from	tom::n	nmod
feel::v	like	hotel::n	obl
hotel::n	in	middle::n	nmod
middle::n	of	beach::n	nmod
layout::n	of	room::n	nmod
involve::v	in	accident::n	obl
wreck::n	since	then::r	obl
wreck::n	behind	wheel::n	conj
friend::n	of	mine::p	nmod
ask::v	for	gerry::n	obl
describe::v	as	instructor::n	obl
enrol::v	in	package::n	obl
quick::a	on	attempt::n	obl
associate::v	with	fear::n	obl
get::v	before	lesson::n	obl
call::n	from	gerry::n	nmod
advise::v	of	arrival::n	obl
see::v	in	suv::n	obl
trust::v	in	believe::v	conj
take::v	of	you::p	obl
drive::v	on	own::a	obl
cope::v	with	fear::n	obl
thank::v	to	friend::n	obl
thank::v	for	recommendation::n	obl
true::a	to	word::n	obl
star::n	of	five::c	nmod
see::v	atop	mountain::n	obl
see::v	from	deck::n	obl
deck::n	of	porch::n	nmod
scene::n	of	beauty::n	nmod
graze::v	in	fact::n	obl
graze::v	near	lodge::n	obl
be::v	on	deck::n	obl
be::v	in	morning::n	obl
mingle::v	with	wildlife::n	obl
epitome::n	of	perfection::n	nmod
quit::v	with	overstatement::n	obl
happen::v	for	restaurant::n	obl
restaurant::n	like	zahav::n	nmod
be::v	in	experience::n	obl
restaurant::n	with	food::n	nmod
best::a	of	food::n	obl
come::v	at	beginning::n	obl
beginning::n	of	meal::n	nmod
place::v	in	front::n	obl
front::n	of	i::p	nmod
explain::v	to	you::p	obl
leave::v	for	three::c	obl
three::c	of	we::p	nmod
piece::n	of	flatbread::n	nmod
fight::v	for	more::a	obl
lick::v	from	finger::n	obl
piece::n	of	flatbread::n	nmod
glob::n	of	fat::n	nmod
glob::n	with	resemblance::n	nmod
resemblance::n	to	delicacy::n	nmod
represent::v	at	establishment::n	obl
serve::v	at	temperature::n	obl
warm::a	by	stretch::n	obl
stretch::n	of	imagination::n	nmod
go::v	into	restaurant::n	obl
call::v	for	reservation::n	obl
arrive::v	at	5::c	obl
leave::v	circa	7::c	obl
pleased::a	with	experience::n	obl
type::n	of	repair::n	nmod
go::v	for	$::	obl
haircut::n	at	price::n	nmod
haircut::n	in	palatine::n	nmod
have::v	from	georgia::n	obl
pay::v	in	barbershop::n	obl
kind::n	of	treatment::n	nmod
spay::v	through	program::n	obl
vet::n	to	send::v	acl:relcl
first::r	of	all::d	obl
bring::v	to	vet::n	obl
vet::n	at	place::n	nmod
place::n	in	wisconsin::n	nmod
dollar::n	for	antibiotic::n	nmod
out::r	from	surgery::n	obl
bit::n	of	turnover::n	nmod
change::v	from	professional::a	obl
change::v	to	rude::a	obl
call::n	up	follow::v	compound
call::n	with	woman::n	nmod
turn::v	into	nightmare::n	obl
reason::n	for	change::n	nmod
what::p	on	go::v	acl:relcl
go::v	within	practice::n	obl
approve::v	of	behavior::n	obl
reflection::n	on	he::p	nmod
go::v	through	kind::n	obl
kind::n	of	staff::n	nmod
get::v	to	doctor::n	obl
review::n	from	2005::c	nmod
change::n	of	ownership::n	nmod
couple::n	of	year::n	nmod
seat::v	at	table::n	obl
seat::v	as	cafe::n	obl
seat::v	in	cafe::n	obl
ok::a	with	that::p	obl
get::v	for	myself::p	obl
employee::n	at	max::n	nmod
problem::n	with	hour::n	nmod
go::v	during	morning::n	obl
throw::v	for	wife::n	obl
throw::v	at	fraiser::n	obl
guest::n	for	event::n	nmod
away::r	from	evening::n	obl
impressed::a	with	food::n	obl
easy::a	with	deal::v	ccomp
easy::a	during	stage::n	obl
execution::n	by	staff::n	nmod
recommend::v	for	anyone::p	obl
event::n	for	friend::n	nmod
work::v	as	coach::n	obl
refer::v	to	therapist::n	obl
find::v	through	colleague::n	obl
one::c	of	client::n	nmod
find::v	in	midst::n	advcl
midst::n	of	attack::n	nmod
guide::v	through	period::n	obl
deal::v	with	suicide::n	obl
couple::v	with	abuse::n	obl
enjoy::v	after	ride::n	obl
ride::n	over	mountain::n	nmod
hike::v	in	hill::n	obl
hike::v	in	may::n	obl
ride::n	in	loop::n	nmod
loop::n	around	river::n	nmod
wine::n	on	patio::n	nmod
wine::n	in	evening::n	nmod
group::n	of	host::n	nmod
food::n	in	northeast::n	nmod
chef::n	of	reigon::n	nmod
go::v	to	bathroom::n	obl
service::n	for	price::n	conj
all::d	in	one::c	nmod
come::v	for	year::n	obl
take::v	at	weekend::n	obl
apart::r	from	walkway::n	obl
take::v	into	account::n	obl
most::a	of	way::n	nmod
hour::n	over	one::c	nummod
start::n	to	finish::n	nmod
bother::v	to	aquarium::n	advcl
bother::v	with	this::p	obl
desperate::a	for	something::p	obl
willing::a	out	shell::v	xcomp
part::n	of	Â£::	nmod
shell::v	for	people::n	obl
go::v	for	it::p	obl
let::v	for	reason::n	obl
rate::v	by	i::p	obl
work::v	as	attorney::n	obl
angle::n	of	case::n	nmod
like::v	over	restaurant::n	obl
restaurant::n	at	town::n	nmod
shame::n	of	town::n	nmod
meal::n	with	milk::n	nmod
go::v	to	lounge::n	obl
go::v	for	dinner::n	obl
keep::v	in	mind::n	obl
have::v	on	menu::n	obl
aside::r	from	roll::n	obl
nigiri::n	with	gras::n	nmod
none::n	of	these::p	nmod
nice::a	except	tv::n	obl
nice::a	out	tv::n	obl
out::i	of	place::n	nmod
thing::n	about	karla::n	nmod
do::v	for	i::p	obl
there::r	for	gracee::n	obl
there::r	for	call::n	obl
take::v	of	girl::n	obl
take::v	for	year::n	obl
go::v	with	anyone::p	obl
anyone::p	besides	she::p	nmod
enthusiastic::a	about	job::n	obl
be::v	in	hand::n	obl
be::v	with	sitting::n	obl
much::a	of	work::n	obl
impressed::a	with	honesty::n	obl
honesty::n	of	mike::n	nmod
everyone::p	at	transmission::n	nmod
drop::v	in	morning::n	obl
recommend::v	to	anyone::p	obl
base::v	on	unprofessionalism::n	obl
join::v	in	january::n	obl
sign::v	with	one::c	obl
one::c	of	staff::n	nmod
good::a	out	work::v	csubj
back::r	to	rating::n	obl
accept::v	to	school::n	obl
tell::v	up	shut::v	xcomp
person::n	up	sign::v	acl:relcl
proof::n	of	moving::n	nmod
pay::v	to	speak::v	conj
speak::v	in	manner::n	obl
treat::v	by	member::n	obl
bad::a	for	business::n	obl
recommend::v	to	woman::n	obl
deal::v	with	rudeness::n	obl
rudeness::n	from	staff::n	nmod
be::v	on	cape::n	obl
sensitivity::n	for	passion::n	nmod
level::n	of	skill::n	nmod
capable::a	in	lesson::n	obl
capable::a	up	pick::v	advcl
pick::v	off	video::n	obl
write::v	with	confidence::n	obl
go::v	to	nordstrom::n	obl
go::v	for	jeans::n	obl
go::v	to	district::n	obl
go::v	for	service::n	obl
helpful::a	than	anything::p	obl
come::v	for	alteration::n	obl
free::a	by	way::n	obl
tell::v	about	stain::n	obl
have::v	on	purse::n	obl
go::v	to	back::n	obl
clean::v	on	spot::n	obl
suggestion::n	from	staff::n	nmod
refer::v	to	place::n	obl
springfield::n	for	funeral::n	obl
springfield::n	from	city::n	obl
accomodating::a	to	family::n	obl
family::n	in	situation::n	conj
sister::n	in	law::n	nmod
sister::n	from	chicago::n	nmod
experience::n	with	manager::n	nmod
do::v	for	item::n	obl
shop::v	in	place::n	obl
place::n	with	people::n	nmod
people::n	like	she::p	nmod
sell::v	at	price::n	obl
firm::n	with	service::n	nmod
attentive::a	to	problem::n	obl
issue::n	with	deal::v	acl:relcl
one::c	on	one::c	nmod
prefer::v	to	experience::n	obl
have::v	with	office::n	obl
need::n	for	lawyer::n	nmod
attitude::n	of	staff::n	nmod
confused::a	at	area::n	obl
go::v	to	back::n	obl
back::n	of	line::n	nmod
take::v	to	clinic::n	obl
work::v	around	clock::n	obl
leave::v	at	vet::n	obl
leave::v	for	day::n	obl
call::v	for	up::n	obl
friendly::a	towards	we::p	obl
treat::v	like	people::n	obl
bag::n	of	cash::n	nmod
rare::a	in	day::n	obl
people::n	of	kind::n	conj
prove::v	to	you::p	obl
people::n	in	world::n	nmod
go::v	to	vet::n	obl
look::v	in	fact::n	obl
take::v	to	vet::n	obl
look::v	because	how::r	obl
happy::a	at	store::n	obl
recommend::v	by	friend::n	obl
have::v	in	temecula::n	obl
recommendation::n	for	lexus::n	nmod
ride::v	on	rail::n	obl
ride::v	around	turn::n	obl
clean::a	in	pleasure::n	conj
dealer::n	of	year::n	nmod
dealer::n	of	year::n	nmod
each::d	of	you::p	nmod
proud::a	of	contribution::n	obl
contribution::n	throughout	year::n	nmod
dealer::n	of	year::n	nmod
dealer::n	of	year::n	nmod
do::v	to	anthony::n	obl
do::v	to	brendan::n	obl
do::v	to	jason::n	obl
store::n	in	richmond::n	nmod
shop::v	for	year::n	obl
year::n	over	six::c	nummod
ship::v	for	europe::n	obl
quality::n	in	addition::n	obl
much::r	than	clothing::n	obl
clothing::n	from	topic::n	nmod
make::v	by	people::n	obl
live::v	in	condition::n	obl
live::v	in	asia::n	obl
involved::a	in	community::n	obl
shop::v	at	exile::n	obl
client::n	of	liquidweb.com::	nmod
one::c	of	friend::n	nmod
work::v	with	he::p	obl
host::v	since	year::n	obl
host::v	to	liquidweb::n	obl
go::v	through	site::n	obl
reviews::n	about	liquidweb::n	nmod
face::v	in	hosting::n	obl
kind::n	of	support::n	nmod
host::v	to	liquidweb.com::	obl
work::v	with	i::p	obl
budge::v	on	price::n	obl
mean::v	to	i::p	obl
fill::v	with	air::n	obl
fill::v	for	free::a	obl
decide::v	between	model::n	obl
back::n	to	back::n	nmod
busy::a	for	drive::n	obl
down::r	to	creek::n	obl
pleased::a	with	service::n	obl
service::n	of	window::n	nmod
come::v	on	time::n	obl
problem::n	with	window::n	nmod
cathy::n	for	tots::n	nmod
experience::n	for	child::n	nmod
three::c	of	child::n	nmod
satisfied::a	with	teacher::n	obl
relocate::v	to	bend::n	obl
look::v	for	establishment::n	obl
look::v	for	dinner::n	obl
disappointed::a	with	dinner::n	obl
disappointed::a	due	flavor::n	obl
flavor::n	to	due::i	case
flavor::n	of	meal::n	nmod
accessibility::n	to	club::n	nmod
find::v	after	meal::n	obl
table::n	in	club::n	nmod
listen::v	to	band::n	obl
$::	despite	fact::n	obl
less::a	than	impressive::a	obl
experience::n	at	trio::n	nmod
one::c	of	experience::n	nmod
have::v	with	shop::n	obl
take::v	for	repair::n	obl
repair::n	to	conditioning::n	nmod
a::d	than	less::a	advmod
take::v	out	go::v	conj
go::v	for	visit::n	obl
work::v	up	pick::v	advcl
bring::v	for	time::n	obl
time::n	in	month::n	nmod
time::n	in	week::n	nmod
express::v	to	manager::n	obl
discount::n	on	visit::n	nmod
none::n	of	above::a	nmod
tell::v	at	fault::n	ccomp
fault::n	of	supplier::n	nmod
hour::n	of	work::n	nmod
put::v	in	car::n	obl
come::v	at	time::n	obl
time::n	during	conversation::n	nmod
come::v	out	mouth::n	obl
come::v	of	mouth::n	obl
anyone::p	in	family::n	nmod
go::v	to	auto::n	obl
put::v	in	car::n	obl
stack::v	with	lot::n	obl
lot::n	of	garnish::n	nmod
place::n	for	you::p	nmod
dine::v	at	lot::n	obl
lot::n	of	restaurant::n	nmod
service::n	at	price::n	nmod
number::n	of	friend::n	nmod
work::n	on	piece::n	nmod
piece::n	of	clothing::n	nmod
take::v	for	change::n	obl
run::v	after	change::n	obl
run::v	on	come::v	conj
run::v	out	filter::n	obl
run::v	of	filter::n	obl
damage::n	to	engine::n	nmod
all::d	of	this::p	nmod
start::v	after	change::n	obl
send::v	to	work::n	obl
recommend::v	for	anything::p	obl
as::r	as	change::n	obl
overcharge::v	for	everything::p	obl
get::v	in	past::n	obl
drench::v	with	butter::n	obl
be::v	on	side::n	conj
go::v	for	party::n	obl
party::n	during	lunch::n	nmod
go::v	with	people::n	obl
have::v	by	time::n	obl
take::v	for	soup::n	obl
waitress::n	for	year::n	obl
customer::n	with	child::n	nmod
serve::v	before	other::n	obl
go::v	out	business::n	obl
go::v	of	business::n	obl
feel::v	like	it::p	obl
close::v	before	time::n	obl
step::v	into	1970::n	obl
opposite::n	of	quiktrip::n	nmod
crappy::a	in	way::n	obl
go::v	through	aid::n	obl
one::c	of	vendor::n	nmod
walk::v	in	door::n	obl
part::n	for	appliance::n	nmod
call::v	for	quote::n	obl
half::n	than	less::a	advmod
apply::v	to	price::n	obl
price::n	of	service::n	nmod
come::v	at	price::n	obl
price::n	of	a&e::n	nmod
price::n	for	work::n	nmod
seem::v	to	i::p	obl
disappointed::a	in	aid::n	obl
pre-screen::v	for	price::n	obl
quality::n	of	work::n	nmod
find::v	as	buyer::n	obl
stephanie::n	at	realty::n	nmod
work::v	with	we::p	obl
work::v	for	year::n	obl
work::v	over	year::n	obl
knowledge::n	of	market::n	nmod
property::n	in	range::n	nmod
secure::a	in	decision::n	obl
recommend::v	to	anyone::p	obl
look::v	for	home::n	obl
home::n	in	valley::n	nmod
rest::n	of	staff::n	nmod
stay::v	at	work::n	advcl
stay::v	out	help::v	advcl
range::n	of	bike::n	nmod
fixed::v	in	day::n	obl
fix::v	for	$::	obl
thanks::n	for	price::n	nmod
recommend::v	to	anyone::p	obl
be::v	at	napa::n	obl
surprised::a	at	svce::n	obl
party::n	of	4::c	nmod
none::n	of	we::p	nmod
pleased::a	with	dish::n	obl
description::n	of	wine::n	nmod
wine::n	on	list::n	nmod
lot::n	of	question::n	nmod
question::n	about	selection::n	nmod
describe::v	in	sitcom::n	obl
name::n	before	we::p	nmod
see::v	in	time::n	obl
group::n	of	people::n	nmod
policy::n	in	sign::v	compound
post::v	by	restaurant::n	obl
explain::v	with	english::n	obl
seat::v	before	you::p	obl
tend::v	during	weekend::n	obl
consider::v	out	check::v	xcomp
buy::v	from	breeder::n	obl
adopt::v	from	league::n	obl
dog::n	for	i::p	nmod
forget::v	on	lookout::n	advcl
lookout::n	for	pup::n	nmod
forget::v	out	check::v	xcomp
addition::n	to	family::n	nmod
go::v	to	school::n	obl
go::v	on	weekend::n	obl
prepare::v	for	kindergarten::n	obl
content::a	off	drop::v	advcl
drop::v	up	pick::v	conj
arrive::v	on	location::n	obl
go::v	out	door::n	obl
spill::v	into	lot::n	obl
restaurant::n	with	patron::n	nmod
stand::v	in	line::n	obl
work::v	at	park::n	obl
way::n	at	ride::n	parataxis
wait::v	on	you::p	obl
sense::n	of	service::n	nmod
talk::v	to	service::n	obl
better::a	than	folk::n	obl
better::a	with	folk::n	obl
speak::v	to	manager::n	obl
get::v	through	ordering::n	obl
deal::v	with	staff::n	obl
present::v	with	what::p	obl
what::p	for	come::v	acl:relcl
worth::a	up	put::v	ccomp
put::v	with	hassle::n	obl
go::v	to	taco::n	obl
couple::n	of	block::n	nmod
taco::n	up	street::n	nmod
split::v	between	building::n	obl
worse::a	than	offering::n	obl
have::v	in	palce::n	obl
cover::v	for	reason::n	obl
cover::v	in	grease::n	obl
give::v	in	month::n	obl
place::n	in	tampa::n	nmod
add::v	to	review::n	obl
dine::v	in	room::n	obl
frequent::v	on	basis::n	obl
basis::n	for	lunch::n	conj
greet::v	by	girl::n	obl
girl::n	at	counter::n	nmod
sit::v	in	room::n	obl
food::n	with	price::n	nmod
look::v	at	menu::n	obl
know::v	in	treat::n	ccomp
know::v	for	treat::n	ccomp
value::n	of	place::n	nmod
eat::v	in	economy::n	obl
take::v	in	product::n	obl
have::v	in	pub::n	obl
one::c	of	pub::n	nmod
pub::n	into	that::p	acl:relcl
that::p	in	time::n	obl
sweet::a	as	pie::n	obl
go::v	to	hospital::n	obl
tell::v	about	clinic::n	obl
cafe::n	in	orlando::n	nmod
eat::v	for	time::n	obl
sandwich::n	along	dish::n	nmod
sandwich::n	with	dish::n	nmod
anytime::r	in	area::n	acl:relcl
stop::v	for	coffee::n	obl
special::n	with	choice::n	nmod
choice::n	of	meat::n	nmod
delicious::a	for	die::v	conj
slice::n	of	heaven::n	nmod
slice::n	in	park::n	nmod
slice::n	off	forsyth::n	nmod
bring::v	with	i::p	obl
5::c	out	5::c	nmod
5::c	of	5::c	nmod
use::v	for	time::n	obl
impress::v	by	professionalism::n	obl
delivery::n	of	gift::n	nmod
delivery::n	to	split::n	nmod
describe::v	in	catalogue::n	obl
describe::v	of	standard::n	conj
recommend::v	to	anyone::p	obl
recommend::v	to	anyone::p	obl
experience::v	to	point::n	obl
go::v	from	scale::n	obl
scale::n	of	8::c	nmod
go::v	to	0::c	obl
run::v	in	crim::n	obl
go::v	to	school::n	obl
go::v	in	oxford::n	obl
devoid::a	of	pizza::n	obl
think::v	at	restaurant::n	ccomp
home::r	to	nyc::n	obl
go::v	on	trip::n	obl
trip::n	to	glasgow::n	nmod
look::v	like	grail::n	obl
sell::v	by	slice::n	obl
sit::v	under	glass::n	obl
sit::v	in	front::n	obl
yorkedness::n	of	pizza::n	nmod
sound::v	to	i::p	obl
most::a	of	window::n	nmod
window::n	in	residence::n	nmod
perform::v	without	problem::n	obl
entry::n	into	rear::n	nmod
rear::n	of	home::n	nmod
screen::n	of	window::n	nmod
force::v	with	bar::n	obl
break::v	with	hammer::n	obl
hear::v	on	turn::v	conj
order::v	for	window::n	obl
charge::v	for	screen::n	obl
cover::v	under	guarentee::n	obl
3::c	of	window::n	nmod
change::v	for	i::p	obl
rare::a	in	day::n	obl
company::n	with	worker::n	nmod
one::n	as	such::a	case
accommodating::a	with	schedule::n	obl
work::v	with	insurance::n	obl
payment::n	for	surgery::n	nmod
explain::v	in	detail::n	obl
take::v	with	i::p	obl
steep::v	into	school::n	obl
stay::v	in	street::n	obl
question::n	up	pick::v	csubj
pick::v	after	class::n	obl
question::n	of	practice::n	nmod
more::a	than	side::n	obl
side::n	of	yoga::n	nmod
fool::v	with	advertising::n	obl
lot::n	of	people::n	nmod
place::n	in	fact::n	obl
store::n	like	other::n	nmod
sound::v	like	deal::n	obl
attitude::n	about	item::n	nmod
boot::v	with	price::n	obl
higher::a	than	average::a	obl
know::v	on	hand::n	obl
know::v	for	work::n	obl
interest::n	in	welfare::n	nmod
greeting::n	by	host::n	nmod
plenty::n	of	option::n	nmod
have::v	for	eater::n	obl
void::a	of	spice::n	obl
spice::v	in	business::n	conj
live::v	in	area::n	obl
live::v	for	year::n	obl
pleased::a	with	experience::n	obl
all::d	of	people::n	nmod
tell::v	off	bat::n	obl
reccomend::v	to	anyone::p	obl
thank::v	for	job::n	obl
do::v	on	home::n	obl
do::v	on	manner::n	obl
clean::v	up	pick::v	conj
check::v	on	job::n	obl
clean::v	off	haul::v	conj
recommend::v	to	some::d	obl
some::d	of	friend::n	nmod
place::n	in	ames::n	nmod
live::v	for	year::n	obl
nice::a	in	condition::n	conj
staff::n	at	wessex::n	nmod
have::v	in	year::n	obl
recommend::v	to	anybody::p	obl
provide::v	from	start::n	obl
start::n	to	finish::n	nmod
friendly::a	from	receptionist::n	obl
receptionist::n	to	surgeon::n	nmod
put::v	at	ease::n	obl
important::a	to	they::p	obl
feel::v	in	hand::n	ccomp
proud::a	of	work::n	obl
majority::n	of	guest::n	nmod
attract::v	because	association::n	obl
association::n	of	because::i	case
association::n	with	steven::n	nmod
deserve::v	up	par::n	conj
par::n	to	up::i	case
par::n	with	tag::n	nmod
talk::v	to	friend::n	obl
customer::n	than	rather::r	cc
$::	for	dish::n	nmod
full::a	of	vegetable::n	obl
meet::v	by	treat::v	conj
put::v	at	ease::n	obl
impress::v	in	addition::n	obl
addition::n	to	treatment::n	nmod
impress::v	with	concern::n	obl
concern::n	in	being::n	nmod
being::n	of	patient::n	nmod
underpin::v	by	duty::n	obl
duty::n	of	care::n	nmod
care::n	to	patient::n	nmod
ensure::v	with	deal::v	ccomp
concerned::a	with	money::n	obl
get::v	for	month::n	obl
result::n	up	standard::n	conj
standard::n	to	up::i	case
come::v	as	professional::a	obl
disappointed::a	with	service::n	obl
price::n	of	treatment::n	nmod
squeeze::v	from	you::p	obl
get::v	in	accident::n	obl
care::v	about	you::p	obl
use::v	for	snow::n	obl
lot::n	of	flat::n	nmod
help::v	as	in::n	obl
describe::v	with	printer::n	obl
go::v	with	guy::n	obl
pro::n	from	start::n	obl
pro::n	to	finish::n	obl
choose::v	for	need::n	obl
other::a	than	printing::n	obl
nails::n	on	st.::n	nmod
nails::n	in	lewiston::n	nmod
let::v	out	start::v	xcomp
have::v	at	nails::n	obl
nails::n	on	road::n	nmod
open::v	in	lewiston::n	obl
live::v	in	youngstown::n	obl
have::v	in	life::n	obl
four::c	of	we::p	nmod
take::v	by	gentleman::n	obl
put::v	in	water::n	obl
have::v	on	couple::n	obl
couple::n	of	toe::n	nmod
none::n	of	we::p	nmod
need::v	from	he::p	obl
do::v	without	hesitation::n	obl
schedule::n	to	accord::v	case
go::v	on	day::n	obl
take::v	for	we::p	obl
get::v	to	i::p	obl
recommend::v	to	anyone::p	obl
make::v	out	they::p	obl
make::v	of	they::p	obl
search::v	for	salesman::n	obl
treat::v	like	dirt::n	obl
live::v	from	city::n	obl
drive::v	to	powersports::n	obl
powersports::n	in	lagrange::n	nmod
deal::v	with	owner::n	obl
drive::v	of	take::v	conj
signs::n	of	saltford::n	nmod
supplier::n	of	sign::n	nmod
value::n	for	money::n	nmod
friend::n	of	signs::n	nmod
signs::n	of	saltford::n	nmod
friend::n	for	year::n	obl
friend::n	over	year::n	obl
force::n	of	business::n	nmod
satisfy::v	at	rate::n	obl
pleased::a	with	sign::n	obl
banner::n	up	pop::v	amod
supply::v	to	i::p	obl
supply::v	over	year::n	obl
run::v	by	tina::n	obl
have::v	as	dentist::n	obl
on::r	in	life::n	obl
meticulous::a	in	work::n	obl
show::v	in	smile::n	obl
thrash::v	at	bottom::n	obl
piece::n	of	wood::n	nmod
try::v	up	cover::v	xcomp
percent::n	of	tenant::n	nmod
reek::v	of	smoke::n	obl
blow::v	into	window::n	obl
build::v	by	world::n	obl
happy::a	with	thing::n	obl
amount::n	of	time::n	nmod
spend::v	with	we::p	obl
spend::v	during	quote::n	obl
amount::n	to	communication::n	nmod
communication::n	through	process::n	nmod
amount::n	to	workmanship::n	nmod
workmanship::n	of	build::n	nmod
go::v	with	they::p	obl
kid::n	on	block::n	nmod
restaurant::n	in	collingswood::n	nmod
have::v	up	step::v	conj
come::v	from	heaven::n	obl
pay::v	to	appetizer::n	obl
entree::n	of	instead::r	case
take::v	for	economy::n	obl
drive::v	in	it::p	advcl
go::v	down	hill::n	obl
bring::v	after	mile::n	obl
bring::v	with	mile::n	obl
look::v	at	it::p	obl
drive::v	with	i::p	obl
wrong::a	with	fan::n	obl
purchace::v	from	vic::n	obl
expect::v	for	hotel::n	obl
hotel::n	like	this::p	nmod
form::n	of	internet::n	nmod
access::v	through	kb::n	obl
other::r	than	that::p	obl
be::v	in	location::n	obl
here::r	for	change::n	obl
competitive::a	in	pricing::n	obl
add::v	to	tire::n	obl
come::v	with	balance::n	obl
balance::n	for	life::n	nmod
life::n	of	tire::n	nmod
take::v	off	work::n	obl
take::v	of	work::n	obl
bunch::n	of	service::n	nmod
dr.::n	at	cvts::n	nmod
sure::a	about	quality::n	obl
quality::n	of	doctor::n	nmod
know::v	from	experience::n	obl
man::n	of	word::n	nmod
replace::v	due	stenosis::n	obl
stenosis::n	to	due::i	case
date::n	of	july::n	nmod
agree::v	on	ventilator::n	xcomp
ventilator::n	for	month::n	obl
state::v	to	agree::v	ccomp
mean::v	by	month::n	obl
stay::v	on	ventilator::n	obl
write::v	in	stone::n	obl
walk::v	out	room::n	obl
walk::v	of	room::n	obl
thanks::n	to	doctor::n	nmod
consider::v	along	friend::n	obl
consider::v	with	friend::n	obl
cause::n	of	death::n	nmod
pa::n	to	go::v	acl:relcl
go::v	to	surgeon::n	obl
surgeon::n	like	he::p	nmod
do::v	for	you::p	obl
lie::v	to	you::p	obl
talk::v	about	what::p	obl
procedure::n	at	hospital::n	nmod
work::v	for	you::p	obl
go::v	to	doctor::n	obl
one::n	for	you::p	nmod
bit::n	about	fighting::n	nmod
lot::n	of	fight::n	nmod
some::d	of	history::n	nmod
handful::n	of	bullfight::n	nmod
be::v	in	houston::n	obl
vomit::v	in	fact::n	obl
vomit::v	after	meal::n	obl
come::v	for	lunch::n	obl
go::v	to	kobey::n	obl
go::v	on	saturday::n	obl
half::n	than	less::a	advmod
half::n	of	price::n	nmod
price::n	of	quote::n	nmod
down::r	to	earth::n	obl
go::v	with	price::n	obl
bag::n	of	comedian::n	nmod
have::v	on	menu::n	obl
experience::n	for	salon::n	nmod
kim::n	at	cheveux::n	nmod
kim::n	for	year::n	obl
five::c	than	more::a	advmod
compliment::v	on	hair::n	obl
stop::v	on	street::n	obl
salon::n	with	personality::n	nmod
make::v	in	chair::n	advcl
amazing::a	than	less::a	advmod
go::v	to	ohm::n	obl
some::d	of	review::n	nmod
go::v	to	school::n	obl
go::v	in	area::n	obl
time::n	up	grow::v	acl
cut::v	to	style::n	obl
look::v	like	what::p	obl
look::v	in	state::n	obl
do::v	at	time::n	obl
style::v	in	way::n	obl
do::v	at	home::n	obl
home::r	from	work::n	obl
stop::v	for	change::n	obl
guy::n	in	uniform::n	nmod
sit::v	at	table::n	obl
oldest::a	of	bunch::n	obl
guy::n	like	drunkest::a	nmod
drunkest::a	of	bunch::n	obl
ask::v	on	duty::n	advcl
wear::v	with	behavior::n	obl
were::v	on	budget::n	obl
were::v	in	nj::n	obl
were::v	for	chiefs::n	obl
chiefs::n	versus	jets::n	nmod
chiefs::n	for	game::n	conj
game::n	of	series::n	nmod
room::n	in	room::n	nmod
go::v	from	8::c	obl
8::c	to	7::c	nmod
good::a	of	review::n	obl
important::a	in	time::n	obl
important::a	with	do::v	parataxis
get::v	by	company::n	obl
lot::n	of	money::n	nmod
pay::v	on	top::n	advcl
top::n	of	list::n	nmod
review::n	on	restaurant::n	nmod
house::n	of	joy::n	nmod
move::v	to	san::n	obl
all::d	of	restaurant::n	nmod
house::n	of	joy::n	nmod
authentic::a	than	restaurant::n	obl
restaurant::n	in	area::n	nmod
authentic::a	to	restaurant::n	obl
authentic::a	to	lot::n	conj
lot::n	of	they::p	nmod
stumble::v	across	restaurant::n	obl
office::n	off	road::n	nmod
office::n	of	road::n	nmod
reasonable::a	for	amount::n	obl
amount::n	of	food::n	nmod
pleasant::a	with	deal::v	advcl
out::r	to	you::p	obl
wait::v	like	place::n	obl
look::v	for	night::n	obl
night::n	for	chinese::a	nmod
go::v	for	more::a	obl
notice::v	on	here::r	obl
all::d	of	comment::n	nmod
come::v	from	worker::n	obl
know::v	except	eat::v	obl
eat::v	at	restaurant::n	obl
know::v	except	eat::v	obl
go::v	to	salon::n	obl
do::v	with	hair::n	obl
work::v	for	hair::n	obl
person::n	behind	desk::n	nmod
wait::v	in	middle::n	parataxis
middle::n	of	something::p	nmod
ask::v	after	minute::n	obl
somewhere::r	in	rudeness::n	obl
rudeness::n	between	in::i	case
charge::v	to	card::n	obl
get::v	in	morning::n	obl
get::v	out	check::v	advcl
call::v	about	it::p	obl
be::v	at	in::n	obl
mention::v	to	person::n	obl
problem::n	with	people::n	nmod
problem::n	with	people::n	nmod
alert::v	to	rudeness::n	obl
come::v	out	find::v	xcomp
work::v	with	shannon::n	obl
shannon::n	as	therapist::n	nmod
work::v	for	year::n	obl
matter::r	in	state::n	obj
help::v	through	injury::n	obl
wonderful::a	with	work::v	advcl
work::v	throughout	pregnancy::n	obl
place::n	for	food::n	obl
eat::v	at	place::n	obl
place::n	like	china::n	nmod
china::n	in	troy::n	nmod
eat::v	from	place::n	advcl
find::v	from	restaurant::n	obl
live::v	in	lake::n	obl
be::v	in	area::n	obl
close::a	to	mile::n	obl
time::n	for	upgrade::n	nmod
send::v	out	check::v	advcl
pleasant::a	with	wife::n	obl
go::v	out	check::v	xcomp
meet::v	with	michael::n	obl
car::n	in	interested::a	acl:relcl
price::n	of	xf::n	nmod
give::n	on	side::n	nmod
agree::v	on	deal::n	obl
deal::n	within	parameter::n	acl:relcl
fair::a	to	side::n	obl
minute::n	of	paperwork::n	nmod
owner::n	of	xf::n	nmod
purchase::v	in	lifetime::n	obl
experience::n	with	michael::n	nmod
cars::n	of	san::n	nmod
one::c	of	best::a	nmod
fair::a	above	all::d	obl
ask::v	from	dealer::n	obl
thanks::n	for	deal::n	nmod
love::v	about	place::n	obl
other::r	than	food::n	obl
feel::v	in	town::n	advcl
baltimore::n	than	rather::r	cc
serve::v	at	price::n	obl
eat::v	on	deck::n	obl
be::v	on	weekend::n	obl
one::c	of	place::n	nmod
eat::v	in	baltimore::n	obl
run::v	for	hill::n	obl
run::v	off	better::a	parataxis
tissue::n	to	bed::n	nmod
move::v	to	room::n	obl
room::n	around	back::n	nmod
dirty::a	with	hair::n	obl
hair::n	in	it::p	nmod
full::a	of	mould::n	obl
know::v	in	state::n	obj
call::v	up	hang::v	conj
hang::v	on	i::p	obl
away::r	from	place::n	obl
ounce::n	of	caring::n	nmod
warn::v	about	lack::n	obl
lack::n	of	service::n	nmod
have::v	from	i::p	obl
live::v	in	nyc::n	obl
state::v	from	nyc::n	ccomp
care::v	about	baseball::n	obl
love::v	to	death::n	obl
get::v	in	nyc::n	obl
serve::v	as	contrast::n	obl
contrast::n	against	reality::n	nmod
patient::n	at	hospital::n	nmod
take::v	of	that::p	obl
send::v	to	er::n	obl
stay::n	in	hospital::n	nmod
treat::v	like	seeker::n	obl
know::v	as	nurse::n	obl
know::v	about	seeker::n	obl
part::n	of	system::n	nmod
go::v	to	dentist::n	obl
stop::v	by	age::n	obl
age::n	of	24::c	nmod
go::v	to	dentist::n	obl
fear::n	from	work::n	nmod
turn::v	at	door::n	obl
door::n	of	office::n	nmod
people::n	with	deal::v	acl:relcl
treat::v	like	member::n	obl
member::n	of	family::n	nmod
describe::v	as	lease::n	obl
lease::n	on	life::n	nmod
have::v	on	morning::n	obl
find::v	on	sunday::n	obl
be::v	on	sunday::n	obl
take::v	of	i::p	obl
informative::a	about	option::n	obl
opinion::n	on	treatment::n	nmod
treatment::n	from	choose::v	acl
come::v	from	person::n	obl
hate::v	in	general::a	obl
make::v	with	service::n	obl
recommend::v	to	everyone::p	obl
judge::v	by	reviews::n	obl
reviews::n	on	here::r	nmod
do::v	with	guy::n	obl
work::v	for	week::n	obl
interested::a	in	car::n	obl
guy::n	with	deal::v	acl:relcl
offended::a	at	statement::n	obl
cry::v	to	salesman::n	obl
apologize::v	about	nothing::p	obl
apologize::v	for	minute::n	obl
try::v	after	that::p	obl
lack::n	of	professionalism::n	nmod
know::v	to	answer::n	obj
respond::v	with	truth::n	obl
ask::v	for	instance::n	obl
say::v	with	confidence::n	obl
tell::v	to	face::n	obl
turn::v	to	price::n	obl
price::n	of	car::n	nmod
owner::n	of	genesis::n	nmod
lady::n	at	mart::n	nmod
nice::a	to	she::p	obl
work::v	with	who::p	obl
ask::v	for	manager::n	obl
get::v	up	set::v	xcomp
drive::v	with	craig::n	obl
head::n	over	heel::n	nmod
fall::v	for	car::n	obl
thouhgt::v	out	range::n	ccomp
thouhgt::v	of	range::n	ccomp
work::v	with	i::p	obl
builder::n	in	jersey::n	nmod
refer::v	to	they::p	obl
refer::v	by	friend::n	obl
use::v	for	renovation::n	obl
complete::v	on	time::n	obl
time::n	below	budget::n	conj
one::c	of	owner::n	nmod
execute::v	on	time::n	obl
refer::v	to	friend::n	obl
refer::v	because	job::n	obl
job::n	of	because::i	case
broken::a	by	monday::n	obl
happy::a	with	way::n	obl
be::v	with	exception::n	obl
exception::n	of	1::c	nmod
dip::n	in	center::n	nmod
center::n	of	nail::n	nmod
one::c	of	toe::n	nmod
asset::n	to	richmond::n	nmod
multiplex::n	for	time::n	obl
source::n	of	entertainment::n	nmod
missing::a	from	limit::n	obl
away::r	from	stadium::n	obl
owner::n	of	bowtie::n	nmod
plenty::n	of	parking::n	nmod
issue::n	with	member::n	nmod
best::r	of	all::d	obl
expect::v	on	side::n	conj
go::v	to	movie::n	obl
play::v	on	sundays::n	obl
get::v	in	lobby::n	obl
cinema::n	in	location::n	nmod
rcommend::v	by	bee::n	obl
remove::v	for	building::n	obl
spraying::n	of	pesticide::n	nmod
recommend::v	to	owner::n	obl
use::v	for	flower::n	obl
recommend::v	to	i::p	obl
glad::a	in	call::v	ccomp
nothing::p	but	care::n	nmod
care::n	towards	i::p	nmod
attend::v	of	late::r	obl
recieve::v	from	ana::n	obl
difference::n	between	someone::p	nmod
someone::p	to	other::n	nmod
see::v	in	future::n	obl
see::v	under	circumstance::n	obl
wish::v	in	saratoga::n	ccomp
introduce::v	to	bistro::n	obl
introduce::v	by	traveler::n	obl
reside::v	in	paris::n	obl
rest::n	of	year::n	nmod
on::a	off	put::v	parataxis
put::v	by	review::n	obl
review::n	on	page::n	nmod
owner::n	in	springs::n	nmod
wish::v	in	town::n	ccomp
serve::v	at	price::n	obl
introduce::v	to	chef::n	obl
cup::n	of	coffee::n	nmod
amount::n	of	sugar::n	nmod
visit::v	on	7/26/08::c	obl
visit::v	for	dinner::n	obl
certificate::n	for	mia::n	nmod
mia::n	on	ave::n	nmod
any::d	of	certificate::n	nmod
use::v	for	tip::n	obl
do::v	with	restaurant::n	obl
get::v	for	certificate::n	obj
have::v	in	cash::n	obl
check::v	with	manager::n	obl
sit::v	at	table::n	obl
chat::v	with	friend::n	obl
be::v	up	ring::v	conj
apply::v	to	card::n	obl
tell::v	about	policy::n	obl
place::n	with	food::n	nmod
place::n	with	management::n	nmod
tile::n	in	bathroom::n	nmod
business::n	in	area::n	nmod
get::v	for	price::n	obl
have::v	in	time::n	obl
nothing::p	but	compliment::n	nmod
nothing::p	on	bathroom::n	nmod
spend::v	on	remodeling::n	obl
say::v	about	business::n	obl
talk::v	to	customer::n	obl
argumentative::a	for	sake::n	obl
come::v	from	business::n	obl
what::p	for	pay::v	acl:relcl
feel::v	in	heaven::n	advcl
walk::v	through	field::n	obl
field::n	of	farm::n	nmod
love::n	of	animal::n	nmod
one::c	of	farm::n	nmod
farm::n	to	be::v	acl:relcl
mahal::n	of	coast::n	nmod
put::v	on	chest::n	obl
thanks::n	to	advice::n	nmod
woman::n	like	jerry::n	nmod
nigel::n	from	design::n	nmod
provide::v	from	advice::n	obl
provide::v	to	quality::n	obl
quality::n	of	drawing::n	nmod
smooth::v	with	application::n	obl
compliance::n	with	regulation::n	nmod
work::v	with	anyone::p	obl
turn::v	into	reality::n	obl
turn::v	for	home::n	obl
packed::a	in	way::n	obl
feel::v	about	food::n	obl
place::n	near	work::n	nmod
look::v	for	place::n	obl
place::n	with	food::n	nmod
food::n	in	valley::n	nmod
more::a	of	cuisine::n	obl
enjoy::v	in	mississippi::n	obl
best::a	in	bay::n	obl
yell::v	at	yell::v	advcl
ask::v	up	pick::v	advcl
explain::v	on	way::n	ccomp
need::v	for	work::n	obl
need::v	at	am::n	obl
argue::v	with	i::p	obl
lock::v	at	5:30::c	obl
all::d	about	care::v	acl:relcl
get::v	on	time::n	obl
care::n	for	customer::n	nmod
day::n	of	work::n	nmod
go::v	to	place::n	obl
grow::v	for	year::n	obl
get::v	off	take::v	xcomp
walk::v	with	hair::n	obl
hair::n	on	top::n	nmod
hair::n	on	side::n	nmod
1.5::c	in	back::n	nmod
work::v	in	supercuts::n	obl
go::v	through	that::p	obl
go::v	to	establishment::n	obl
put::v	in	business::n	obl
place::n	into	photography::n	advcl
place::n	in	beach::n	nmod
help::n	near	time::n	nmod
come::v	in	town::n	obl
come::v	to	town::n	obl
come::v	for	week::n	obl
come::v	before	close::n	obl
lot::n	of	time::n	nmod
spend::v	with	i::p	obl
get::v	into	pair::n	obl
pair::n	of	shoe::n	nmod
better::a	than	pair::n	obl
go::v	to	family::n	obl
go::v	for	number::n	obl
number::n	of	year::n	nmod
recommend::v	to	anyone::p	obl
some::d	of	review::n	nmod
be::v	like	office::n	obl
what::p	for	see::v	acl:relcl
some::d	of	test::n	nmod
be::v	for	test::n	obl
several::a	of	provider::n	obl
provider::n	from	office::n	nmod
anything::p	but	care::n	nmod
speak::v	for	they::p	obl
speak::v	in	interest::n	conj
interest::n	of	we::p	nmod
suggest::v	to	you::p	obl
look::v	for	practice::n	obl
place::n	for	you::p	nmod
eat::v	for	life::n	obl
go::v	to	place::n	obl
place::n	in	philly::n	nmod
philly::n	off	boulevard::n	conj
one::n	in	chinatown::n	nmod
all::d	of	place::n	nmod
taste::v	to	i::p	obl
seperate::v	from	other::a	obl
incredible::a	to	place::n	obl
fall::n	of	house::n	nmod
find::v	in	chinatown::n	obl
call::v	out	rip::v	advcl
ft::n	of	tile::n	nmod
ready::a	for	stain::n	obl
inclusive::a	of	insert::n	obl
get::v	out	rip::v	xcomp
$::	for	insert::n	nmod
rent::v	for	$::	obl
so::r	from	$::	obl
so::r	to	$::	obl
waste::v	in	store::n	obl
unable::a	at	appointment::n	obl
unable::a	up	lace::v	xcomp
some::d	of	dress::n	nmod
off::r	of	i::p	obl
what::p	like	look::v	acl:relcl
some::d	of	dress::n	nmod
see::v	like	look::v	ccomp
look::v	on	model::n	obl
look::v	up	look::v	advcl
ask::v	for	name::n	obl
associate::v	with	pick::n	obl
order::v	without	name::n	obl
fall::v	for	this::p	obl
give::v	to	i::p	obl
fill::v	by	seamstress::n	obl
type::n	of	operation::n	nmod
waste::n	of	time::n	nmod
aside::r	from	mystery::n	obl
one::c	of	lady::n	nmod
compare::v	to	one::c	obl
one::c	of	dress::n	nmod
one::c	on	try::v	acl:relcl
name::n	of	designer::n	nmod
name::n	of	one::n	nmod
refer::v	to	dress::n	obl
disagree::v	with	observation::n	obl
low::r	as	one::n	obl
argue::v	with	customer::n	obl
say::v	like	something::p	obj
force::v	into	dress::n	obl
shop::n	around	city::n	nmod
nothing::p	about	courtesy::n	nmod
trust::v	up	lace::v	xcomp
lace::v	in	gown::n	obl
trust::v	with	gown::n	obl
wear::v	on	day::n	obl
day::n	of	life::n	nmod
beware::v	of	sharayu::n	obl
promise::v	at	time::n	obl
apart::r	from	that::p	obl
get::v	in	spite::n	obl
spite::n	of	attempt::n	nmod
get::v	in	touch::n	obl
get::v	with	manager::n	obl
advise::n	to	all::d	nmod
fall::v	into	trap::n	obl
stay::v	for	night::n	obl
evening::n	up	catch::v	acl
catch::v	on	life::n	obl
live::v	within	mile::n	obl
mile::n	of	hotel::n	nmod
away::r	from	responsibility::n	obl
get::v	for	night::n	obl
have::v	down	put::v	xcomp
charge::v	for	room::n	obl
cancel::v	within	hour::n	obl
call::v	down	put::v	advcl
talk::v	to	manager::n	obl
attach::v	in	one::c	obl
one::c	of	email::n	nmod
letter::n	from	vet::n	nmod
happen::v	in	life::n	obl
rob::v	to	lie::v	conj
company::n	for	you::p	nmod
make::v	in	hope::n	obl
confuse::v	with	misinformation::n	obl
take::v	as	example::n	obl
payment::n	for	premium::n	nmod
5::c	out	6::c	nmod
5::c	of	6::c	nmod
payment::n	for	policy::n	nmod
contract::n	for	remainder::n	nmod
remainder::n	of	policy::n	nmod
cancel::v	for	reason::n	obl
information::n	on	driver::n	nmod
driver::n	in	household::n	nmod
provide::v	on	occasion::n	obl
glitch::n	in	system::n	nmod
hate::v	up	show::v	parataxis
high::a	from	smoke::n	obl
drive::v	in	van::n	obl
here::r	in	minute::n	obl
call::v	on	morning::n	obl
10::c	below	zero::c	nmod
someone::p	out	help::v	acl
help::v	with	problem::n	obl
first::r	of	all::d	obl
call::v	for	appointment::n	obl
work::v	around	here::r	obl
do::v	in	particular::a	obl
tell::v	due	father::n	ccomp
father::n	to	due::i	case
father::n	on	pass::v	advcl
pass::v	through	line::n	obl
say::v	in	general::a	obl
nice::a	to	they::p	obl
some::d	of	review::n	nmod
some::d	of	reviewer::n	nmod
go::v	to	st::n	obl
good::a	for	area::n	obl
annoying::a	about	office::n	obl
bring::v	in	march::n	obl
march::n	of	2010::c	nmod
say::v	due	labor::n	ccomp
labor::n	to	due::i	case
move::v	out	way::n	obl
move::v	of	way::n	obl
do::v	for	$::	obl
excuse::n	for	kind::n	nmod
kind::n	of	estimate::n	nmod
look::v	for	game::n	obl
look::v	for	fps::n	obl
stand::v	for	what::p	obl
knowledge::a	about	type::n	obl
type::n	of	game::n	nmod
game::n	on	market::n	acl:relcl
go::v	for	lunch::n	obl
one::n	of	we::p	nmod
wedge::n	up	give::v	parataxis
recommend::v	to	anyone::p	obl
save::v	in	fact::n	obl
class::n	of	1998::c	nmod
time::n	at	school::n	nmod
have::v	at	time::n	obl
lab::n	with	hood::n	nmod
access::n	to	equipment::n	nmod
have::v	in	ensemble::n	parataxis
building::n	with	facility::n	nmod
all::d	to	good::n	nmod
go::v	for	those::p	obl
proportion::n	of	class::n	nmod
go::v	to	college::n	obl
many::a	of	they::p	nmod
rank::v	in	50::c	obl
50::c	of	news::n	nmod
go::v	to	dartmouth::n	obl
dartmouth::n	among	other::n	nmod
go::v	to	rutgers::n	obl
make::v	to	college::n	obl
prepare::v	with	driving::n	obl
prepare::v	with	school::n	obl
school::n	in	edmonton::n	nmod
train::v	in	street::n	obl
lesson::n	from	school::n	nmod
work::v	with	ted::n	obl
work::v	at	decor::n	obl
work::v	out	start::v	conj
start::v	as	experience::n	obl
refer::v	to	i::p	obl
refer::v	by	friend::n	obl
experience::n	with	ted::n	nmod
able::a	up	make::v	xcomp
make::v	for	lack::n	obl
lack::n	of	preparedness::n	nmod
make::v	at	end::n	obl
couple::n	of	week::n	nmod
picture::n	of	furniture::n	nmod
come::v	over	budget::n	obl
be::v	by	time::n	obl
get::v	to	budget::n	obl
tell::v	with	work::v	ccomp
couple::n	of	accessory::n	nmod
expensive::a	with	nothing::p	obl
show::v	for	it::p	obl
take::v	up	catch::v	conj
catch::v	in	hype::n	obl
work::v	with	budget::n	obl
squirm::v	into	pocket::n	obl
fuse::v	in	place::n	obl
successful::a	with	fusion::n	obl
continue::v	after	fusion::n	obl
think::v	of	surgery::n	obl
talk::v	about	option::n	obl
talk::v	with	dr.::n	obl
talk::v	about	what::p	obl
much::a	for	age::n	obl
pyramid::n	on	climb::v	acl
open::v	at	am::n	obl
am::n	on	weekday::n	nmod
go::v	up	end::v	conj
break::n	for	$::	obl
break::n	from	monotony::n	nmod
monotony::n	of	winter::n	nmod
winter::n	with	toddler::n	nmod
team::n	of	physio::n	nmod
suffer::v	from	pain::n	obl
suffer::v	for	year::n	obl
suffer::v	to	specialist::n	conj
specialist::n	with	help::n	obl
better::a	after	appointment::n	obl
better::a	than	ever::r	obl
regular::n	at	hh::n	nmod
think::v	in	mindset::n	ccomp
drink::v	in	hurry::n	obl
excellent::a	in	experience::n	obl
excellent::a	for	part::n	obl
have::v	with	begin::v	advcl
chat::v	with	customer::n	obl
understaffing::n	in	case::n	obl
understaffing::n	of	because::i	case
care::v	in	case::n	obl
get::v	into	what::p	obl
amount::n	of	time::n	nmod
service::n	for	group::n	nmod
have::v	at	restaurant::n	obl
one::c	of	choice::n	nmod
amount::n	per	person::n	nmod
type::n	of	pizza::n	nmod
type::n	of	pizza::n	nmod
ask::v	for	type::n	obl
bring::v	with	charge::n	obl
charge::n	to	we::p	nmod
make::v	with	food::n	obl
take::v	to	he::p	obl
live::v	in	sub-division::n	obl
sub-division::n	around	corner::n	nmod
happen::v	up	bring::v	conj
bring::v	at	gathering::n	obl
people::n	from	neighborhood::n	nmod
go::v	to	dr.::n	obl
go::v	for	procedure::n	obl
take::v	for	shot::n	obl
apply::v	to	pet::n	obl
charge::v	for	procedure::n	obl
itemize::v	as	fee::n	obl
avoid::v	at	cost::n	obl
people::n	with	english::n	nmod
conversation::n	with	they::p	nmod
patient::a	with	i::p	obl
patient::a	on	try::v	advcl
try::v	in	search::n	obl
search::n	of	costume::n	nmod
costume::n	for	act::n	nmod
food::n	by	far::r	obl
arrive::v	up	pick::v	advcl
confuse::v	with	someone::p	obl
get::v	up	mix::v	xcomp
ask::v	for	combo::n	obl
stand::v	in	store::n	obl
stand::v	for	minute::n	obl
stand::v	up	pick::v	advcl
deal::v	with	bull::n	obl
one::n	up	mess::v	acl:relcl
have::v	out	throw::v	xcomp
percent::n	of	meal::n	nmod
puff::n	as	as::r	cc
panda::n	in	willis::n	nmod
better::a	in	service::n	obl
quality::n	of	meal::n	nmod
restaurant::n	in	montgomery::n	nmod
recount::n	on	vote::n	nmod
breakfast::n	in	beach::n	nmod
place::n	without	doubt::n	nmod
landmark::n	for	year::n	obl
landmark::n	with	reason::n	conj
cook::v	with	style::n	obl
recommend::v	up	pick::v	xcomp
jug::n	of	mix::n	nmod
be::v	to	county::n	advcl
be::v	in	list::n	obl
rest::n	of	food::n	nmod
it::p	past	date::n	nmod
eat::v	in	year::n	obl
go::v	for	manicure::n	obl
deal::v	in	clothing::n	obl
pay::v	for	onesie::n	obl
cheaper::a	for	product::n	obl
find::v	at	boutique::n	obl
charge::v	for	haircut::n	obl
go::v	to	nick::n	obl
go::v	for	month::n	obl
attention::n	to	detail::n	nmod
some::d	of	kid::n	nmod
wait::v	for	nick::n	obl
go::v	into	store::n	obl
go::v	for	something::p	obl
do::v	on	afternoon::n	obl
compare::v	to	product::n	obl
test::n	of	time::n	nmod
furniture::n	like	this::p	nmod
go::v	in	there::r	obl
come::v	to	dog::n	obl
take::v	up	even::v	advcl
people::n	at	leasing::n	nmod
look::v	for	car::n	obl
take::v	out	figure::v	advcl
make::v	than	rather::r	cc
experience::n	with	they::p	nmod
go::v	over	step::n	obl
notch::n	from	start::n	obl
notch::n	to	finish::n	obl
recommend::v	up	call::v	xcomp
call::v	for	car::n	obl
craving::n	at	doctor::n	nmod
control::n	before	treatment::n	obl
cause::v	out	stress::v	xcomp
decrease::n	in	craving::n	nmod
decrease::n	in	stress::n	nmod
experience::v	after	treatment::n	obl
lose::v	after	treatment::n	obl
pound::n	after	treatment::n	orphan
gone::a	after	treatment::n	obl
come::v	to	doctor::n	obl
baby::n	about	needle::n	nmod
feel::v	like	pressure::n	obl
more::r	than	pain::n	obl
like::v	about	dr.::n	obl
talk::v	to	you::p	obl
talk::v	at	appointment::n	obl
wear::v	in	summer::n	obl
go::v	to	school::n	obl
discount::n	on	service::n	nmod
care::v	about	service::n	obl
care::v	about	money::n	obl
beware::v	of	program::n	obl
do::v	in	salon::n	obl
crust::n	on	broad::n	nmod
try::v	on	occasion::n	obl
twice::r	for	dinner::n	obl
once::r	for	lunch::n	obl
phone::n	for	out::n	nmod
call::v	with	answer::n	obl
call::v	between	5:30::c	obl
place::v	in	person::n	obl
practice::v	for	year::n	obl
attention::n	to	detail::n	nmod
quality::n	of	work::n	nmod
teach::v	at	tomipilates::n	obl
apart::r	from	other::n	obl
type::n	of	client::n	nmod
chat::v	with	other::a	obl
person::n	in	store::n	nmod
stand::v	with	item::n	obl
be::v	up	give::v	advcl
walk::v	out	door::n	obl
customer::n	of	mine::p	nmod
send::v	to	you::p	obl
open::a	to	i::p	obl
church::n	for	chrisssake::n	obl
go::v	on	holiday::n	obl
go::v	for	bit::n	obl
bit::n	of	grandure::n	nmod
pastor::n	at	church::n	nmod
meet::v	after	service::n	obl
back::r	in	'60::n	obl
pleased::a	with	one::n	obl
historical::a	for	sf::n	obl
come::v	for	visit::n	obl
great::a	for	kiddie::n	obl
go::v	to	heck::n	obl
wonder::n	for	course::n	nmod
course::n	of	proud::a	acl
comment::n	in	2008::c	nmod
conversation::n	with	woman::n	nmod
have::v	in	april::n	obl
get::v	off	bus::n	obl
wander::v	around	street::n	obl
christian::a	of	you::p	obl
get::v	into	accident::n	obl
stuck::a	in	traffic::n	obl
phone::v	for	advice::n	obl
advice::n	on	refurb::n	nmod
use::v	in	end::n	obl
use::v	out	carry::v	advcl
provide::v	with	plenty::n	obl
plenty::n	of	information::n	nmod
provide::v	over	call::n	obl
use::v	as	contractor::n	obl
wake::v	in	middle::n	obl
middle::n	of	night::n	nmod
wake::v	at	campsite::n	obl
wake::v	by	kid::n	obl
drink::v	at	spring::n	obl
complain::v	to	management::n	obl
we::p	among	guest::n	nmod
speak::v	to	owner::n	obl
tell::v	via	manager::n	obl
responsibility::n	up	get::v	csubj
get::v	in	middle::n	obl
middle::n	of	night::n	nmod
add::v	to	injury::n	obl
university::n	in	virginia::n	nmod
have::v	with	campus::n	advcl
have::v	on	campus::n	advcl
some::d	of	option::n	nmod
option::n	for	student::n	nmod
school::n	in	america::n	nmod
excel::v	in	schooling::n	obl
living::n	for	student::n	nmod
historic::a	up	fix::v	conj
house::n	in	fan::n	nmod
available::a	to	student::n	obl
live::v	in	community::n	obl
university::n	in	virginia::n	nmod
u::n	of	r::n	nmod
food::n	in	area::n	nmod
fresh::a	out	wok::n	obl
fresh::a	of	wok::n	obl
cook::v	by	chef::n	obl
chef::n	on	duty::n	nmod
food::n	for	$::	obl
day::n	at	lunch::n	nmod
busy::a	for	reason::n	obl
eat::v	at	italia::n	obl
all::d	from	misto::n	nmod
misto::n	to	barese::n	nmod
end::v	with	gelato::n	obl
bad::a	out	cake::n	ccomp
bad::a	of	cake::n	ccomp
fix::v	from	injury::n	obl
more::r	than	doctor::n	obl
deposit::n	to	surprise::n	nmod
deposit::n	on	shelf::n	parataxis
deposit::n	under	counter::n	parataxis
counter::n	for	people::n	nmod
do::v	for	i::p	obl
guy::n	behind	counter::n	nmod
yell::v	at	i::p	obl
leave::v	in	oven::n	obl
get::v	out	dry::v	xcomp
taste::v	like	cracker::n	obl
grab::v	off	countertop::n	obl
throw::v	into	trash::n	obl
yell::v	at	i::p	obl
what::p	about	know::v	acl:relcl
kind::n	of	behavior::n	nmod
see::v	in	front::n	obl
front::n	of	year::n	nmod
do::v	on	purpose::n	obl
do::v	because	request::n	obl
request::n	of	because::i	case
request::n	for	slice::n	nmod
slice::n	of	grandma::n	nmod
back::r	to	place::n	obl
report::v	to	bureau::n	obl
report::v	for	relation::n	obl
test::n	in	software::n	nmod
include::v	on	resume::n	obl
place::v	in	position::n	obl
keep::v	for	year::n	obl
go::v	on	interview::n	obl
interview::n	for	job::n	nmod
thankful::a	for	folk::n	obl
folk::n	at	office::n	nmod
connection::n	in	community::n	nmod
recommend::v	to	all::d	obl
all::d	of	friend::n	nmod
handy::a	for	stuff::n	obl
move::v	from	college::n	obl
root::n	in	village::n	nmod
refer::v	to	book::n	obl
refer::v	for	ton::n	obl
ton::n	of	number::n	nmod
get::v	in	touch::n	obl
touch::n	with	parent::n	nmod
parent::n	of	friend::n	nmod
get::v	down	track::v	advcl
one::c	by	one::c	nmod
find::v	in	place::n	obl
back::r	from	france::n	obl
sister::n	in	law::n	nmod
tell::v	about	place::n	obl
place::n	in	town::n	nmod
go::v	out	test::v	conj
test::v	for	self::p	obl
better::a	than	anything::p	obl
recommend::v	to	anyone::p	obl
look::v	for	atmosphere::n	obl
learn::v	from	fighter::n	obl
mma::n	in	rosa::n	nmod
experience::n	up	back::v	acl
come::v	to	ncfa::n	obl
run::v	on	software::n	obl
manage::v	without	barcoding::n	obl
maintain::v	in	way::n	obl
usage::n	of	barcode::n	nmod
maintenance::n	of	inventory::n	nmod
maintenance::n	with	recording::n	nmod
recording::n	of	transaction::n	nmod
transaction::n	like	sale::n	nmod
people::n	at	work::n	nmod
immediate::a	over	telephone::n	obl
take::v	on	call::n	obl
live::v	in	townhouse::n	obl
live::v	for	year::n	obl
come::v	at	night::n	obl
know::v	out	help::v	parataxis
help::v	for	anything::p	obl
recommend::v	than	that::p	obl
evaluate::v	for	time::n	obl
plunge::n	with	stuart::n	nmod
make::v	for	couple::n	obl
couple::n	of	reason::n	nmod
familiar::a	with	strategy::n	obl
nothing::p	about	media::n	nmod
go::v	over	indicator::n	obl
work::v	with	ulistic::n	obl
work::v	for	month::n	obl
follow::v	on	facebook::n	obl
increase::n	in	traffic::n	nmod
reward::n	of	program::n	nmod
person::n	with	work::v	acl
work::v	because	strategy::n	obl
strategy::n	of	because::i	case
equally::r	as	importantly::r	obl
take::v	on	place::n	obl
wait::v	in	line::n	obl
wait::v	at	outback::n	obl
tasteful::a	from	chair::n	obl
chair::n	to	fixture::n	nmod
get::v	for	less::a	obl
less::a	than	cost::n	obl
cost::n	of	entree::n	nmod
entree::n	at	restaurant::n	nmod
dj'::n	in	town::n	nmod
worry::v	about	thing::n	obl
think::v	of	that::p	obl
meet::v	with	we::p	obl
need::v	before	wedding::n	obl
flow::n	of	wedding::n	nmod
knowledge::n	of	music::n	nmod
junkie::n	up	grow::v	acl:relcl
grow::v	in	80'::n	obl
work::v	for	label::n	obl
work::v	in	1960'::n	obl
some::d	of	request::n	nmod
helpful::a	about	acupuncture::n	obl
acupuncture::n	re	infertility::n	nmod
talk::v	to	i::p	obl
talk::v	about	issue::n	obl
plan::n	of	action::n	nmod
share::v	with	doctor::n	obl
lot::n	of	noise::n	nmod
noise::n	in	hallway::n	nmod
hallway::n	from	patient::n	nmod
work::v	with	andrew::n	obl
work::v	for	month::n	obl
feel::v	after	they::p	obl
change::n	with	cycle::n	nmod
take::v	for	result::n	obl
feel::v	after	month::n	obl
suspicious::a	of	review::n	obl
get::v	from	pennysaver::n	obl
get::v	for	station::n	obl
do::v	during	test::n	obl
cap::n	as	such::a	case
one::c	of	instead::r	case
pre-make::v	in	store::n	obl
day::n	before	valentine::n	nmod
step::v	down	turn::v	advcl
turn::v	for	cake::n	obl
be::v	up	step::v	conj
step::v	to	plate::n	obl
drive::v	out	way::n	obl
drive::v	of	way::n	obl
astounding::a	to	i::p	obl
astounding::a	before	that::p	obl
hair::n	by	nivine::n	nmod
hair::n	in	eastgardens::n	nmod
cut::v	at	salon::n	obl
go::v	for	year::n	obl
care::v	about	hair::n	obl
do::v	for	wedding::n	obl
lack::n	of	passion::n	nmod
begin::v	in	2000::c	obl
decline::n	in	quality::n	nmod
quality::n	of	care::n	nmod
level::n	of	service::n	nmod
start::v	at	desk::n	obl
love::v	about	office::n	obl
call::n	from	part::n	nmod
call::n	due	lack::n	nmod
lack::n	to	due::i	case
lack::n	of	response::n	nmod
requirement::n	for	job::n	nmod
email::v	to	i::p	obl
give::v	after	attempt::n	obl
get::v	on	phone::n	obl
brief::v	on	condition::n	obl
happen::v	up	give::v	conj
go::v	to	doctor::n	obl
service::n	for	look::v	acl:relcl
amazing::a	at	aesthetics::n	obl
nothing::p	but	professional::a	nmod
person::n	in	world::n	nmod
provide::v	with	blanket::n	obl
walk::v	in	door::n	obl
state::n	of	art::n	nmod
learn::v	from	experience::n	obl
avoid::v	on	review::n	obl
impress::v	by	clean::a	advcl
option::n	for	dog::n	nmod
hundred::n	of	introduction::n	nmod
look::v	at	interaction::n	obl
statement::n	to	accord::v	case
roomful::n	of	dog::n	nmod
safe::a	from	problem::n	obl
fill::v	with	energy::n	obl
good::a	of	you::p	obl
look::v	for	place::n	obl
risk::n	to	pet::n	nmod
give::v	by	home::n	obl
come::v	from	home::n	obl
used::a	to	place::n	obl
get::v	into	daycare::n	obl
push::v	without	reason::n	obl
far::r	from	perfect::a	obl
one::c	of	they::p	nmod
much::a	for	daycare::n	obl
reasonable::a	with	expectation::n	obl
expectation::n	of	place::n	nmod
place::n	like	this::p	nmod
jump::v	to	attack::n	obl
ham::n	on	friendly::n	nmod
expand::v	into	chain::n	obl
expand::v	in	80'::n	obl
victim::n	of	time::n	nmod
struggle::v	to	account::n	obl
memory::n	of	evening::n	nmod
motel::n	on	coast::n	nmod
stay::v	at	motel::n	obl
one::c	of	experience::n	nmod
have::v	on	coast::n	obl
compare::v	to	resort::n	obl
resort::n	at	stay::v	acl:relcl
group::n	of	friend::n	nmod
rent::v	for	weekend::n	obl
restaurant::n	with	breakfast::n	nmod
market::n	across	street::n	nmod
rave::v	about	place::n	obl
worth::a	out	check::v	ccomp
deliver::v	on	level::n	obl
know::v	from	moment::n	obl
plenty::n	of	range::n	nmod
have::v	into	wine::n	advcl
depth::n	of	region::n	nmod
bring::v	after	pm::n	obl
bring::v	for	free::a	obl
dine::v	at	roadhouse::n	obl
come::v	off	bone::n	obl
enjoyable::a	on	note::n	obl
be::v	over	floor::n	obl
wait::v	for	waitress::n	obl
bunch::n	of	worker::n	nmod
there::r	on	march::n	obl
there::r	on	july::n	obl
come::v	on	it::p	advcl
batch::n	of	wing::n	nmod
take::v	in	opinion::n	obl
price::n	of	wing::n	nmod
take::v	from	bill::n	obl
recommend::v	for	sure::a	obl
come::v	to	place::n	obl
come::v	out	sort::v	conj
tow::v	to	workshop::n	obl
team::n	at	autos::n	nmod
recommend::v	for	repair::n	obl
thank::v	for	help::n	obl
treat::v	as	friend::n	obl
ask::v	for	experience::n	obl
see::v	to	satisfaction::n	advcl
james::n	at	construction::n	nmod
add::v	to	affair::n	obl
affair::n	at	hotel::n	nmod
room::n	with	opening::n	nmod
opening::n	between	they::p	nmod
work::v	for	we::p	obl
say::v	in	town::n	advcl
kind::n	of	space::n	nmod
look::v	for	affair::n	obl
team::n	at	chevron::n	nmod
run::v	for	death::n	obl
run::v	past	death::n	obl
honest::a	about	concern::n	obl
concern::n	versus	repair::n	nmod
shop::n	around	corner::n	nmod
enjoy::v	with	group::n	obl
group::n	of	folk::n	nmod
need::n	for	fish::n	nmod
order::v	in	town::n	advcl
place::n	for	dinner::n	nmod
lot::n	of	people::n	nmod
bring::v	to	lot::n	obl
deal::v	with	broker::n	obl
look::v	in	time::n	obl
look::v	for	way::n	obl
deal::v	as	manager::n	obl
deal::v	with	anyone::p	obl
buy::v	for	profit::n	obl
come::v	with	broker::n	obl
away::r	from	dealership::n	obl
call::v	for	estimate::n	obl
have::v	on	day::n	obl
day::n	of	move::n	nmod
give::v	over	phone::n	obl
change::v	on	day::n	obl
day::n	of	move::n	nmod
go::v	since	change::n	obl
change::n	in	ownership::n	nmod
part::n	of	chain::n	nmod
wait::v	at	bna::n	obl
wait::v	for	pickup::n	obl
park::v	with	they::p	obl
have::v	with	i::p	obl
make::v	to	date::n	obl
pay::v	for	one::n	obl
go::v	to	walmart::n	obl
go::v	to	website::n	obl
go::v	for	coupon::n	obl
day::n	of	parking::n	nmod
offer::v	due	construction::n	obl
construction::n	to	due::i	case
construction::n	of	facility::n	nmod
park::v	at	bna::n	obl
lack::n	of	organisation::n	nmod
couple::v	with	distain::n	obl
distain::n	for	customer::n	nmod
chase::v	on	issue::n	obl
issue::n	from	day::n	nmod
many::a	of	they::p	nmod
issue::n	to	sort::n	nmod
sort::n	of	issue::n	nmod
issue::n	with	fund::n	nmod
get::v	as	gift::n	obl
lot::n	of	money::n	nmod
fault::n	because	shoe::n	obl
shoe::n	of	because::i	case
charge::v	for	peddle::n	obl
ask::v	for	pair::n	obl
feel::v	like	number::n	obl
away::r	from	kids::n	obl
get::v	on	phone::n	obl
catch::v	in	traffic::n	obl
re-schedule::v	for	week::n	obl
worst::r	of	all::d	obl
feel::v	like	number::n	obl
move::v	into	apartments::n	obl
move::v	in	2008::c	obl
live::v	at	meadowrun::n	obl
surprised::a	by	comment::n	obl
respond::v	to	question::n	obl
breakfast::n	at	clubhouse::n	nmod
favorite::n	in	mclean::n	nmod
come::v	to	sushi::n	obl
get::v	in	lot::n	obl
lot::n	in	front::n	nmod
front::n	of	storefront::n	nmod
hard::a	on	street::n	conj
park::v	in	lot::n	obl
park::v	in	garage::n	obl
park::v	up	walk::v	conj
walk::v	to	sushi::n	obl
ring::v	on	way::n	obl
door::n	on	stand::n	obl
home::n	at	creekside::n	nmod
move::v	to	apartments::n	obl
move::v	in	august::n	obl
move::v	with	lease::n	obl
extend::v	for	month::n	obl
management::n	from	julie::n	nmod
management::n	to	staff::n	nmod
ask::v	for	help::n	obl
close::a	to	rail::n	obl
problem::n	with	neighbor::n	nmod
concern::n	about	safety::n	nmod
distance::n	to	joe::n	nmod
work::v	in	san::n	obl
san::n	around	in::i	case
guy::n	with	hair::n	nmod
go::v	through	place::n	obl
find::v	at	moda::n	obl
comment::v	on	hair::n	obl
suck::v	at	style::n	obl
lot::n	of	talent::n	nmod
be::v	in	place::n	obl
work::v	in	neighbourhood::n	obl
best::r	of	all::d	obl
quick::a	on	feet::n	obl
serve::v	with	line::n	obl
serve::v	in	minute::n	obl
have::v	for	quality::n	obl
best::a	in	town::n	obl
tourist::n	like	reviewer::n	nmod
one::c	at	that::p	nmod
visit::v	in	past::n	obl
shocked::a	at	service::n	obl
receive::v	at	location::n	obl
bring::v	on	sunday::n	obl
wait::v	in	part::n	obl
pull::v	into	shop::n	obl
keep::v	for	reason::n	obl
keep::v	inside	garage::n	obl
stand::v	for	minute::n	obl
get::v	to	i::p	obl
return::v	up	pick::v	advcl
split::v	between	card::n	obl
reimburse::v	for	tire::n	obl
get::v	in	car::n	obl
grease::n	over	wheel::n	nmod
return::v	with	car::n	obl
find::v	in	stock::n	obl
wait::v	for	bit::n	obl
wait::v	to	attend::v	advcl
tire::n	on	car::n	nmod
papers::n	from	earlier::r	nmod
earlier::r	in	week::n	obl
see::v	out	print::v	advcl
tire::n	for	model::n	nmod
point::v	to	he::p	obl
say::v	at	point::n	obl
one::c	of	tire::n	nmod
have::v	in	stock::n	obl
do::v	within	hour::n	obl
wait::v	in	lobby::n	obl
hour::n	over	two::c	nummod
leave::v	in	car::n	obl
close::v	in	minute::n	obl
have::v	up	hurry::v	xcomp
make::v	in	time::n	obl
wait::v	for	i::p	obl
ask::v	about	it::p	obl
return::v	on	monday::n	obl
drive::v	for	day::n	obl
drive::v	with	lock::n	obl
call::v	on	monday::n	obl
anything::p	about	it::p	nmod
hold::v	for	i::p	obl
employee::n	at	sear's::n	nmod
sort::n	of	management::n	nmod
doubt::n	about	quality::n	nmod
quality::n	of	work::n	nmod
perform::v	on	car::n	obl
selection::n	of	wine::n	nmod
wine::n	from	world::n	nmod
wine::n	over	world::n	nmod
have::v	with	price::n	obl
anything::p	about	wine::n	nmod
frustrated::a	at	lack::n	obl
lack::n	of	rating::n	nmod
rating::n	for	course::n	nmod
label::n	like	5.10::c	nmod
put::v	on	course::n	obl
understanding::n	of	difficulty::n	nmod
difficulty::n	of	course::n	nmod
course::n	to	another::d	nmod
waste::v	on	route::n	obl
set::v	for	child::n	obl
want::v	on	take::v	xcomp
strain::v	to	exhaustion::n	obl
route::n	with	marking::n	nmod
detailed::a	than	easy::a	obl
outing::n	for	kid::n	nmod
frustration::n	for	climber::n	nmod
climber::n	out	town::n	compound
climber::n	of	town::n	compound
suck::v	off	start::v	advcl
dissatisfied::a	with	service::n	obl
prefer::v	over	place::n	obl
place::n	with	people::n	nmod
here::r	to	4::c	obl:tmod
seem::v	up	warm::v	xcomp
come::v	within	hour::n	obl
come::v	to	premise::n	obl
supply::v	for	p::n	obl
p::n	per	unit::n	nmod
heaven::n	on	earthhhhhhh::n	nmod
everything::p	in	here::r	nmod
have::v	for	price::n	obl
trust::v	with	vehicle::n	obl
go::v	for	year::n	obl
care::v	about	safety::n	obl
take::v	than	rather::r	cc
staff::n	up	front::n	nmod
get::v	in	manner::n	obl
look::v	at	some::d	obl
some::d	of	comment::n	nmod
revolve::v	around	they::p	obl
girl::n	with	problem::n	nmod
equipment::n	in	town::n	nmod
realize::v	like	person::n	ccomp
put::v	on	pedestal::n	obl
go::v	to	dave::n	obl
dave::n	at	midas::n	nmod
one::c	of	owner::n	nmod
owner::n	in	town::n	nmod
have::v	on	work::v	ccomp
come::v	to	house::n	obl
nothing::p	about	curtain::n	nmod
know::v	about	curtain::n	obl
point::n	of	appointment::n	nmod
come::v	out	hang::v	conj
business::n	with	company::n	nmod
sign::v	for	class::n	obl
yoga::n	with	brittany::n	nmod
wait::v	until	pm::n	obl
2::c	in	group::n	nmod
be::v	in	lot::n	conj
wait::v	for	class::n	obl
disappointed::a	with	experience::n	obl
visit::n	to	studio::n	nmod
be::v	in	world::n	obl
sure::a	as	studio::n	obl
manifest::v	on	review::n	obl
review::n	on	google::n	nmod
restaurant::n	in	area::n	nmod
order::n	out	carry::v	compound
order::n	of	l::	nmod
happy::a	with	service::n	obl
please::a	with	size::n	obl
quality::n	of	food::n	nmod
quality::n	for	price::n	nmod
dine::v	out	carry::v	conj
stay::v	in	hotel::n	obl
bang::n	for	buck::n	nmod
consist::v	of	youngsteer::n	obl
youngsteer::n	from	hood::n	nmod
travel::v	without	kid::n	obl
fend::v	for	myself::p	obl
listen::v	to	fight::n	obl
last::v	from	am::n	obl
last::v	to	am::n	obl
have::v	during	stay::n	obl
have::v	out	find::v	conj
unmanned::a	during	hour::n	obl
call::v	for	dispatch::n	obl
dispatch::n	to	hotel::n	nmod
get::v	over	it::p	obl
approach::v	about	policy::n	obl
policy::n	over	push::v	acl
push::v	on	authority::n	obl
sleep::n	for	pay::v	acl:relcl
tell::v	back	call::v	ccomp
wait::v	for	call::n	obl
look::v	to	it::p	obl
recommend::v	for	family::n	obl
favorite::n	of	family::n	nmod
dish::n	with	ingredient::n	nmod
have::v	in	dish::n	obl
ask::v	for	vegetarian::n	obl
vegetarian::n	like	i::p	nmod
area::n	of	grill::n	nmod
separate::v	to	part::n	obl
part::n	of	grill::n	nmod
turn::v	to	mush::n	obl
selection::n	of	meat::n	nmod
re-wiring::n	in	home::n	nmod
do::v	for	year::n	obl
do::v	due	hassle::n	obl
hassle::n	to	due::i	case
matt::n	from	bonafide::n	nmod
easy::a	for	we::p	obl
care::v	about	business::n	obl
picture::n	at	price::n	nmod
give::v	at	price::n	obl
easy::a	with	work::v	advcl
picture::n	of	i::p	nmod
i::p	of	family::n	conj
recommend::v	to	anyone::p	obl
work::v	with	rod::n	obl
work::v	with	cpa::n	obl
become::v	for	eligible::a	xcomp
pay::v	for	service::n	obl
bill::n	for	more::a	nmod
nothing::p	out	ordinary::a	nmod
nothing::p	of	ordinary::a	nmod
take::v	out	figure::v	advcl
leave::v	at	that::p	obl
leave::v	with	liability::n	obl
leave::v	at	end::n	obl
end::n	of	year::n	nmod
face::v	with	bill::n	obl
bill::n	of	$::	nmod
due::a	on	april::n	obl
say::v	to	matter::n	obl
have::v	in	mind::n	obl
let::v	in	word::n	obl
word::n	of	accountant::n	nmod
dealer::n	in	tx::n	nmod
purchase::v	from	dealship::n	obl
knowledgeable::a	about	aspect::n	obl
aspect::n	of	car::n	nmod
car::n	at	look::v	acl:relcl
happy::a	with	service::n	obl
expert::n	on	food::n	nmod
lover::n	in	fact::n	nmod
lover::n	of	food::n	nmod
thing::n	at	dong::n	nmod
same::a	in	language::n	obl
disappointment::n	in	iowa::n	nmod
stay::v	in	business::n	obl
give::v	up	clean::v	advcl
jar::n	of	salsa::n	nmod
say::v	out	check::v	ccomp
check::v	for	salsa::n	obl
get::v	from	work::n	obl
ask::v	for	jar::n	obl
plenty::n	of	chip::n	nmod
turn::v	to	dismay::n	obl
read::v	out	turn::v	conj
take::v	to	table::n	obl
land::v	on	table::n	obl
frustrating::a	for	restaurant::n	obl
renowned::a	for	service::n	obl
complain::v	about	wait::n	obl
something::p	on	nibble::v	acl
take::v	out	get::v	ccomp
rest::a	of	food::n	obl
try::v	on	top::n	obl
top::n	of	that::p	nmod
charge::v	in	rub::v	advcl
lot::n	of	place::n	nmod
price::n	in	town::n	nmod
deliver::v	on	time::n	obl
work::v	with	firm::n	obl
recommend::v	to	anyone::p	obl
steal::v	from	staff::n	obl
tell::v	by	detective::n	obl
check::v	for	anything::p	obl
one::c	on	we::p	nmod
work::v	in	office::n	obl
give::v	to	guy::n	obl
papers::n	with	name::n	nmod
name::n	on	it::p	nmod
go::v	to	jail::n	obl
put::v	in	charge::n	obl
charge::n	of	apartment::n	nmod
apartment::n	across	mine::p	nmod
apartment::n	from	mine::p	nmod
belong::v	to	gang::n	obl
gang::n	of	hooker::n	nmod
guy::n	in	car::n	nmod
show::v	up	show::v	conj
live::v	in	one::c	obl
enough::a	for	cooper::n	obl
fit::v	in	it::p	obl
%::	of	time::n	nmod
once::r	for	inspection::n	obl
again::r	for	change::n	obl
shop::n	up	live::v	conj
live::v	to	name::n	obl
kind::n	of	coupon::n	nmod
available::a	for	wash::n	obl
get::v	at	rate::n	obl
bottle::n	of	water::n	nmod
trust::v	with	he::p	obl
any::d	of	worker::n	nmod
here::r	in	manson::n	obl
gem::n	of	restaurant::n	nmod
execute::v	with	perfection::n	obl
execute::v	in	hole::n	obl
hole::n	in	wall::n	nmod
hole::n	off	street::n	nmod
serve::v	without	pretense::n	obl
go::v	for	dinner::n	obl
go::v	after	day::n	obl
day::n	of	tasting::n	nmod
fix::v	in	hour::n	obl
hour::n	than	less::a	advmod
come::v	on	time::n	obl
happier::a	with	way::n	obl
worth::a	up	hit::v	xcomp
spot::n	in	nashville::n	nmod
bear::v	in	toronto::n	obl
huge::a	in	fact::n	obl
influence::v	by	reference::n	obl
staple::n	in	cafeteria::n	obl
raise::v	on	stuff::n	obl
connoisseur::n	of	cuisine::n	nmod
raise::v	down	tone::v	conj
lot::n	of	pepper::n	nmod
book::v	at	sheraton::n	obl
book::v	with	number::n	obl
number::n	of	guest::n	nmod
number::n	out	guest::n	nmod
out::i	of	town::n	nmod
put::v	into	room::n	obl
someone::p	with	key::n	nmod
get::v	in	door::n	obl
get::v	at	am::n	obl
move::v	into	room::n	obl
room::n	on	floor::n	nmod
floor::n	with	guest::n	nmod
adult::n	in	room::n	nmod
towel::n	for	2::c	nmod
linen::n	for	bed::n	nmod
take::v	in	room::n	obl
leave::v	in	room::n	obl
send::v	to	room::n	obl
security::n	in	hotel::n	nmod
explanation::n	as	why::r	nmod
put::v	out	hotel::n	obl
put::v	of	hotel::n	obl
call::v	about	crowd::n	obl
crowd::n	in	hall::n	nmod
hall::n	outside	door::n	nmod
crowd::n	at	night::n	nmod
take::v	down	quiet::v	advcl
copy::v	due	need::v	advcl
piece::n	off	drop::v	acl:relcl
make::v	like	one::c	obl
get::v	to	job::n	obl
piece::n	of	metal::a	nmod
piece::n	of	metal::n	nmod
ask::v	for	money::n	obl
girl::n	at	desk::n	nmod
put::v	in	trash::n	obl
what::p	for	pay::v	acl:relcl
use::v	on	job::n	obl
tell::v	with	smirk::n	obl
smirk::n	on	face::n	nmod
have::v	up	put::v	xcomp
put::v	with	treatment::n	obl
start::v	for	time::n	obl
look::v	for	what::p	obl
come::v	to	dancewear::n	obl
need::v	for	ballerina::n	obl
service::n	at	instep::n	nmod
recommend::v	to	anyone::p	obl
buy::v	from	edmark::n	obl
purchase::v	through	they::p	obl
take::v	of	we::p	obl
listen::v	to	need::n	obl
thank::v	for	service::n	obl
kind::n	of	paper::n	nmod
look::v	like	grain::n	obl
place::n	in	seattle::n	nmod
drive::v	to	tacoma::n	obl
close::v	during	week::n	obl
describe::v	for	business::n	obl
business::n	of	sort::n	nmod
resource::v	to	go::v	compound
true::a	for	you::p	obl
deal::v	with	tmobile::n	obl
want::v	off	send::v	xcomp
go::v	through	that::p	obl
recommend::v	to	anyone::p	obl
purchase::v	from	dealership::n	obl
drive::v	on	highway::n	obl
pay::v	to	kind::n	obl
kind::n	of	thing::n	nmod
car::n	from	dealer::n	nmod
tell::v	under	warranty::n	ccomp
one::c	of	place::n	nmod
place::n	from	order::v	acl
get::v	on	number::n	obl
number::n	of	occasion::n	nmod
forget::v	about	order::n	obl
call::v	up	there::r	obl
say::v	on	way::n	ccomp
compensate::v	in	kind::n	obl
kind::n	of	way::n	nmod
shut::v	in	opinon::n	obl
shut::v	by	inspector::n	obl
satisfied::a	with	service::n	obl
eat::v	at	restaurant::n	obl
put::v	on	hold::n	obl
say::v	at	hotel::n	ccomp
hotel::n	in	square::n	nmod
build::v	in	1926::c	obl
deliver::v	to	warwick::n	obl
warwick::n	in	jersey::n	nmod
say::v	in	york::n	ccomp
york::n	at	warwick::n	conj
say::v	at	warwick::n	ccomp
warwick::n	in	pennsylvania::n	nmod
far::a	at	radison::n	advcl
radison::n	in	warwick::n	nmod
dominos::n	in	pottstown::n	nmod
say::v	at	hotel::n	ccomp
hotel::n	in	square::n	nmod
get::v	to	work::n	obl
know::v	in	philly::n	parataxis
dominos::n	in	town::n	nmod
listen::v	at	17th::n	parataxis
tell::v	in	township::n	ccomp
give::v	to	girl::n	obl
deliver::v	to	17th::n	obl
say::v	on	street::n	ccomp
17th::n	like	over::r	nmod
over::r	by	16th::n	obl
west::r	of	you::p	obl
south::r	of	walnut::n	obl
17th::n	like	broad::n	nmod
17th::n	over	broad::n	nmod
17th::n	past	broad::n	nmod
west::r	of	broad::n	obl
west::r	of	broad::n	obl
south::r	of	walnut::n	obl
go::v	past	broad::n	obl
hang::v	after	yelling::n	obl
go::v	to	geno::n	obl
identical::a	to	grille::n	obl
own::v	by	people::n	obl
come::v	as	rude::a	obl
gem::n	in	alpharetta::n	nmod
offer::v	in	unlikely::a	obl
unlikely::a	of	location::n	obl
learn::v	about	which::p	obl
get::v	on	list::n	obl
meal::n	for	money::n	nmod
find::v	in	all::d	obl
all::d	of	atlanta::n	nmod
come::v	to	crosse::n	obl
go::v	to	college::n	obl
send::v	through	here::r	obl
flower::n	for	friend::n	nmod
place::n	in	area::n	nmod
call::v	on	friday::n	obl
call::v	at	12:30::c	obl
complain::v	of	toothache::n	obl
close::v	at	noon::n	obl
call::v	on	monday::n	obl
patient::n	of	dr.::n	nmod
patient::n	for	year::n	obl
thousand::n	of	dollar::n	nmod
dollar::n	on	crown::n	nmod
plenty::n	of	dentist::n	nmod
be::v	in	fernandina::n	obl
go::v	to	dentistry::n	obl
sstaff::n	on	weekend::n	nmod
bit::n	of	experience::n	nmod
different::a	than	staffs::n	obl
year::n	to	ipanema::n	advcl
lot::n	of	meat::n	nmod
go::v	out	turn::v	conj
one::c	of	place::n	nmod
eat::v	in	all::d	obl
all::d	of	richmond::n	nmod
stop::v	at	brewery::n	obl
impressed::a	with	size::n	obl
size::n	of	area::n	nmod
see::v	through	glass::n	obl
sampler::n	of	ipa::n	nmod
enjoyable::a	with	beer::n	obl
ask::v	after	sampler::n	obl
ask::v	for	pint::n	obl
pint::n	of	stout::n	nmod
impressed::a	with	taste::n	obl
come::v	from	i::p	obl
have::v	in	philly::n	advcl
come::v	out	check::v	xcomp
negative::n	about	place::n	nmod
leave::v	with	case::n	obl
case::n	of	brawler::n	nmod
come::v	to	house::n	obl
come::v	in	time::n	obl
work::v	on	gate::n	obl
wrong::a	with	it::p	obl
all::d	of	question::n	nmod
answetr::v	with	hesitation::n	obl
some::d	of	pizza::n	nmod
thicker::a	on	side::n	obl
thicker::a	than	other::a	obl
hole::n	in	one::c	nmod
one::c	of	slice::n	nmod
nothing::p	like	pizza::n	nmod
suggest::v	to	anyone::p	obl
work::v	for	laundry::n	obl
outside::r	at	premium::n	advcl
premium::n	on	day::n	obl
smaller::a	than	any::d	obl
any::d	of	laundromat::n	nmod
any::d	in	laundromat::n	nmod
avail::v	of	service::n	obl
year::n	about	a::d	nummod
worth::n	of	clothes::n	nmod
clothes::n	in	bag::n	nmod
bring::v	in	bag::n	obl
patronage::n	of	tub::n	nmod
continue::v	in	future::n	obl
know::v	by	visit::n	obl
then::r	on	visit::n	conj
answer::n	to	question::n	nmod
use::v	at	line::n	xcomp
line::n	at	walmart::n	nmod
be::v	at	tub::n	obl
do::v	at	aztec::n	obl
recommend::v	to	anyone::p	obl
lot::n	of	rule::n	nmod
listen::v	to	loop::n	obl
listen::v	up	give::v	advcl
inquire::v	about	rate::n	obl
room::n	with	rate::n	nmod
suppose::v	on	floor::n	xcomp
put::v	on	3rd::a	obl
read::v	in	car::n	obl
warn::v	about	suitcase::n	obl
help::v	in	word::n	obl
help::v	with	suitcase::n	obl
one::n	upon	arrival::n	nmod
stick::v	around	corner::n	obl
stick::v	from	top::n	obl
top::n	of	stair::n	nmod
accommodate::v	until	m::n	obl
return::v	after	pm::n	obl
note::n	from	innkeeper::n	nmod
note::n	with	direction::n	nmod
direction::n	to	room::n	nmod
rule::n	in	room::n	nmod
soda::n	from	fridge::n	nmod
fridge::n	in	room::n	nmod
leave::v	in	trash::n	obl
soda::n	from	room::n	nmod
take::v	with	you::p	obl
$::	per	can::n	nmod
can::n	in	trash::n	nmod
$::	per	item::n	nmod
checkout::n	after	am::n	nmod
charge::v	for	hour::n	obl
$::	for	hour::n	orphan
charge::n	after	pm::n	obl
am::n	to	am::n	nmod
know::v	by	whom::p	obl
post::v	in	room::n	obl
thing::n	for	machine::n	nmod
put::v	in	water::n	obl
settle::v	for	cup::n	obl
cup::n	of	coffee::n	nmod
clean::a	except	stall::n	obl
shower::n	with	head::n	nmod
room::n	off	kitchen::n	nmod
rate::n	of	$::	nmod
live::v	for	year::n	obl
give::v	to	linda::n	obl
have::v	off	shut::v	ccomp
party::n	at	pool::n	nmod
close::v	at	10::c	obl
have::v	until	11:45::c	obl
do::v	in	corner::n	obl
corner::n	of	pool::n	nmod
clean::v	out	move::v	advcl
top::n	to	bottom::n	nmod
charge::v	for	fee::n	obl
number::n	of	this::p	nmod
person::n	to	talk::v	acl:relcl
person::n	up	stick::v	conj
stick::v	for	all::d	obl
all::d	of	people::n	nmod
recommend::v	as	customer::n	obl
test::v	by	inspector::n	obl
state::v	on	result::n	obl
quality::n	of	job::n	nmod
hit::v	on	head::n	obl
return::v	after	way::n	obl
speak::v	to	i::p	obl
speak::v	on	visit::n	obl
keep::v	with	attitude::n	obl
attitude::n	up	stick::v	amod
condescending::a	to	someone::p	obl
%::	of	knowledge::n	nmod
some::d	of	vet::n	nmod
do::v	in	area::n	obl
lower::a	than	everyone::p	obl
explain::v	to	i::p	obl
explain::v	about	computer::n	obl
go::v	to	he::p	obl
happen::v	on	whim::n	obl
sit::v	in	area::n	obl
judge::n	of	food::n	nmod
meal::n	for	both::d	nmod
both::d	of	we::p	nmod
place::n	on	night::n	acl
choice::n	of	beer::n	nmod
great::a	as	usual::a	obl
addition::n	to	bar::n	nmod
fill::v	on	beer::n	obl
comment::v	on	food::n	obl
get::v	at	tavern::n	obl
tow::v	to	kia::n	obl
up::r	in	time::n	obl
give::v	up	pick::v	conj
keep::v	up	date::n	obl
date::n	to	up::i	case
date::n	on	progress::n	nmod
progress::n	of	vehicle::n	nmod
bring::v	for	service::n	obl
arrive::v	at	honda::n	obl
arrive::v	on	6/4/11::c	obl
greet::v	to	attend::v	conj
greet::v	by	manager::n	obl
greet::v	in	manner::n	obl
explain::v	to	he::p	obl
go::v	to	honda::n	obl
bit::n	of	hassle::n	nmod
give::v	without	hassle::n	obl
type::n	of	problem::n	nmod
experience::n	in	world::n	nmod
all::d	of	resident::n	nmod
leave::v	in	matter::n	obl
matter::n	of	minute::n	nmod
ask::v	for	time::n	obl
wait::v	at	table::n	obl
go::v	to	cafe::n	obl
fantastic::a	for	kid::n	obl
zoo::n	in	essence::n	nmod
sell::v	at	front::n	obl
patient::a	with	she::p	obl
lot::n	of	fun::n	nmod
recommend::v	after	way::n	obl
way::n	to	speak::v	acl:relcl
speak::v	by	member::n	obl
member::n	of	staff::n	nmod
member::n	at	kennel::n	nmod
recommend::v	to	anybody::p	obl
treat::v	in	way::n	obl
speak::v	like	that::p	obl
regardless::r	of	bad::a	obl
what::p	on	go::v	acl:relcl
go::v	in	life::n	obl
trip::n	to	canada::n	nmod
travel::v	to	canada::n	obl
travel::v	on	business::n	obl
work::v	for	company::n	obl
expand::v	into	canada::n	obl
all::d	of	equipment::n	nmod
properly::r	on	time::n	conj
experience::n	in	itself::p	obl
boarder::n	for	time::n	nmod
part::n	of	trip::n	nmod
adorn::v	with	surprise::n	obl
find::v	from	encounter::n	obl
encounter::n	at	in::n	nmod
find::v	to	out::n	obl
experience::n	in	check::v	compound
impressed::a	with	friendliness::n	obl
friendliness::n	of	staff::n	nmod
accommodation::n	as	as::r	cc
travel::v	in	area::n	obl
travel::v	in	future::n	obl
helpful::a	in	choice::n	obl
choice::n	of	hotel::n	nmod
i::p	from	nj::n	advcl
stranger::n	to	corner::n	nmod
pass::v	to	staff::n	obl
pass::v	for	hospitality::n	obl
interview::v	for	remodel::n	obl
look::v	at	certificate::n	obl
feel::v	to	listen::v	xcomp
all::d	in	interested::a	acl:relcl
service::n	with	review::n	nmod
review::n	of	other::n	nmod
business::n	with	they::p	nmod
wonderland::n	with	history::n	nmod
thing::n	for	earring::n	nmod
make::v	to	add::v	conj
woman::n	with	sense::n	nmod
sense::n	of	humor::n	nmod
come::v	from	oklahoma::n	obl
value::n	of	girl::n	nmod
mean::v	by	way::n	obl
something::p	like	smorgasbord::n	nmod
variety::n	of	kind::n	nmod
kind::n	of	thing::n	nmod
name::n	for	store::n	nmod
order::v	at	counter::n	obl
space::n	for	tip::n	nmod
be::v	on	receipt::n	obl
be::v	out	here::r	obl
be::v	of	here::r	obl
come::v	upon	store::n	obl
locate::v	in	building::n	obl
locate::v	by	walmart::n	obl
locate::v	off	parkway::n	obl
locate::v	of	parkway::n	obl
decorate::v	with	furnishings::n	obl
be::v	about	what::p	ccomp
add::v	to	collection::n	obl
want::v	in	hour::n	obl
out::r	to	lunch::n	obl
hassle::v	on	price::n	obl
purchase::v	from	dealership::n	obl
purchase::v	from	phillip::n	parataxis
phillip::n	from	richard::n	conj
one::c	of	reviews::n	nmod
ton::n	of	tip::n	nmod
place::n	with	atmosphere::n	nmod
go::v	for	haircut::n	obl
argue::v	with	that::p	obl
eat::v	at	grill::n	obl
prepare::v	to	perfection::n	obl
sum::v	with	worth::a	advcl
take::v	of	maintenance::n	obl
maintenance::n	on	hooptie::n	nmod
wait::v	for	sticker::n	obl
here::r	for	example::n	obl
go::v	into	kwik::n	obl
car::n	in	front::n	nmod
front::n	of	i::p	nmod
car::n	for	inspection::n	nmod
be::v	out	there::r	obl
be::v	of	there::r	obl
chapter::n	in	book::n	nmod
watch::v	for	wallet::n	obl
watch::v	for	wallet::n	obl
overpriced::a	for	service::n	obl
company::n	for	client::n	nmod
go::v	up	mark::v	xcomp
mark::v	on	premise::n	obl
come::v	on	quote::n	obl
thousand::n	of	dollar::n	nmod
come::v	over	competition::n	obl
base::v	at	city::n	obl
base::v	in	city::n	obl
team::n	in	area::n	nmod
area::n	through	country::n	nmod
speak::v	to	vendor::n	obl
use::v	by	they::p	obl
say::v	about	company::n	obl
afraid::a	in	fact::n	obl
quote::v	against	they::p	obl
price::v	out	market::n	obl
price::v	of	market::n	obl
ltake::v	for	everything::p	obl
selection::n	of	color::n	nmod
color::n	from	choose::v	acl
pair::n	of	tip::n	nmod
go::v	to	best::a	obl
here::r	to	i::p	obl
faith::n	in	mechainc::n	nmod
go::v	from	shop::n	obl
go::v	to	shop::n	obl
all::d	of	dream::v	acl:relcl
crew::n	at	workshop::n	nmod
go::v	over	call::n	obl
call::n	above	over::i	case
call::n	of	duty::n	nmod
say::v	about	place::n	obl
faith::n	in	mechanic::n	nmod
pay::v	for	what::p	obl
stay::v	for	night::n	obl
stay::v	with	girlfriend::n	obl
ask::v	for	bed::n	obl
treat::v	to	upgrade::n	obl
upgrade::n	of	room::n	nmod
room::n	with	bed::n	nmod
let::v	up	fill::v	xcomp
put::v	in	room::n	obl
room::n	with	gap::n	nmod
gap::n	under	door::n	nmod
room::n	next	machine::n	nmod
room::n	to	machine::n	nmod
hear::v	inside	room::n	advcl
someone::p	at	desk::n	nmod
provide::v	for	dog::n	obl
compassion::n	for	animal::n	nmod
be::v	in	like::v	advcl
bring::v	for	test::n	obl
figure::v	for	mark::n	obl
take::v	down	street::n	obl
pass::v	with	color::n	obl
fan::n	of	herpes::n	nmod
herpes::n	off	rip::v	conj
garage::n	for	you::p	nmod
do::v	on	jeep::n	obl
do::v	at	dealership::n	obl
place::n	around	area::n	nmod
try::v	off	rip::v	conj
thing::n	about	phet::n	nmod
use::v	to	compare::v	xcomp
compare::v	to	place::n	obl
come::v	up	pick::v	advcl
call::v	after	work::n	obl
overcharge::v	for	part::n	obl
part::n	of	work::n	nmod
refund::n	for	amount::n	nmod
grow::v	in	town::n	obl
cynical::a	about	shop::n	obl
advice::n	on	activity::n	nmod
breakfast::n	until	am::n	nmod
come::v	from	night::n	obl
come::v	from	night::n	obl
walk::n	to	coeur::n	nmod
excellent::a	for	shopping::n	obl
close::a	to	line::n	obl
line::n	for	plaza::n	nmod
stay::v	at	hostel::n	obl
